M,nlist,efconstruction,nprobe,efsearch,training_memory_mb,add_memory_mb,training_time_s,total_time_s,recall,qps,mspq,search_memory_mb,search_time_s,mean_latency_ms,p50_latency_ms,p95_latency_ms,p99_latency_ms
8,1000,40,1,1,61.00,744.00,0.5549,2.5656,0.3070,43511.61,0.0230,522.00,0.2298,0.2874,0.2342,0.6724,1.0331
8,1000,40,1,1,61.00,744.00,0.5549,2.5656,0.3070,45758.76,0.0219,527.00,0.2185,0.2637,0.2148,0.6231,0.9660
8,1000,40,1,1,61.00,744.00,0.5549,2.5656,0.3070,47027.40,0.0213,524.00,0.2126,0.2626,0.2166,0.6103,0.9160
8,1000,40,1,1,61.00,744.00,0.5549,2.5656,0.3070,46224.84,0.0216,525.00,0.2163,0.2456,0.1960,0.5939,0.9569
8,1000,40,1,1,61.00,744.00,0.5549,2.5656,0.3070,49473.16,0.0202,524.00,0.2021,0.2405,0.1937,0.5728,0.9505
8,1000,40,1,1,61.00,744.00,0.5549,2.5656,0.3070,50055.64,0.0200,526.00,0.1998,0.2399,0.1972,0.5545,0.8789
8,1000,40,1,1,61.00,744.00,0.5549,2.5656,0.3070,50594.88,0.0198,524.00,0.1976,0.2308,0.1851,0.5520,0.8526
8,1000,40,1,1,61.00,744.00,0.5549,2.5656,0.3070,50536.18,0.0198,525.00,0.1979,0.2326,0.1873,0.5594,0.8670
8,1000,40,1,1,61.00,744.00,0.5549,2.5656,0.3070,48641.50,0.0206,532.00,0.2056,0.2321,0.1876,0.5435,0.8567
8,1000,40,1,1,61.00,744.00,0.5549,2.5656,0.3070,49035.44,0.0204,525.00,0.2039,0.2102,0.1723,0.4817,0.7959
8,1000,40,1,1,61.00,744.00,0.5549,2.5656,0.3070,48738.50,0.0205,525.00,0.2052,0.1989,0.1621,0.4645,0.7599
8,1000,40,1,2,61.00,744.00,0.5549,2.5656,0.3563,48400.92,0.0207,531.00,0.2066,0.2144,0.1750,0.4864,0.8265
8,1000,40,1,2,61.00,744.00,0.5549,2.5656,0.3563,48557.08,0.0206,531.00,0.2059,0.2158,0.1759,0.5065,0.8218
8,1000,40,1,3,61.00,744.00,0.5549,2.5656,0.3741,47770.31,0.0209,529.00,0.2093,0.2146,0.1729,0.5048,0.8049
8,1000,40,2,1,61.00,744.00,0.5549,2.5656,0.4109,28934.26,0.0346,527.00,0.3456,0.4405,0.3819,0.9251,1.4963
8,1000,40,2,1,61.00,744.00,0.5549,2.5656,0.4109,30860.04,0.0324,527.00,0.3240,0.4392,0.3835,0.9146,1.4303
8,1000,40,2,1,61.00,744.00,0.5549,2.5656,0.4109,32223.01,0.0310,524.00,0.3103,0.4352,0.3794,0.8876,1.5125
8,1000,40,2,1,61.00,744.00,0.5549,2.5656,0.4109,31311.48,0.0319,527.00,0.3194,0.4428,0.3864,0.8898,1.4690
8,1000,40,2,1,61.00,744.00,0.5549,2.5656,0.4109,30784.63,0.0325,527.00,0.3248,0.4381,0.3818,0.8970,1.3812
8,1000,40,2,1,61.00,744.00,0.5549,2.5656,0.4109,31215.65,0.0320,536.00,0.3204,0.4378,0.3812,0.8728,1.4861
8,1000,40,2,2,61.00,744.00,0.5549,2.5656,0.4868,30883.09,0.0324,526.00,0.3238,0.4400,0.3775,0.9172,1.4879
8,1000,40,2,2,61.00,744.00,0.5549,2.5656,0.4868,31351.84,0.0319,529.00,0.3190,0.4377,0.3861,0.8701,1.3968
8,1000,40,2,2,61.00,744.00,0.5549,2.5656,0.4868,31406.52,0.0318,529.00,0.3184,0.4215,0.3635,0.9031,1.3987
8,1000,40,2,3,61.00,744.00,0.5549,2.5656,0.5157,33041.33,0.0303,530.00,0.3027,0.4267,0.3710,0.8723,1.4273
8,1000,40,2,3,61.00,744.00,0.5549,2.5656,0.5157,31938.53,0.0313,529.00,0.3131,0.4203,0.3686,0.8437,1.4255
8,1000,40,2,4,61.00,744.00,0.5549,2.5656,0.5319,29500.26,0.0339,533.00,0.3390,0.4329,0.3746,0.8903,1.4949
8,1000,40,2,5,61.00,744.00,0.5549,2.5656,0.5396,30968.91,0.0323,531.00,0.3229,0.4295,0.3701,0.8858,1.4124
8,1000,40,2,6,61.00,744.00,0.5549,2.5656,0.5441,32161.60,0.0311,530.00,0.3109,0.4264,0.3709,0.8918,1.3918
8,1000,40,4,1,61.00,744.00,0.5549,2.5656,0.4924,18309.48,0.0546,525.00,0.5462,0.8561,0.7605,1.6391,2.6600
8,1000,40,4,1,61.00,744.00,0.5549,2.5656,0.4924,18270.11,0.0547,528.00,0.5473,0.8538,0.7578,1.6171,2.5584
8,1000,40,4,1,61.00,744.00,0.5549,2.5656,0.4924,17781.42,0.0562,528.00,0.5624,0.8705,0.7673,1.6846,2.7320
8,1000,40,4,1,61.00,744.00,0.5549,2.5656,0.4924,18084.55,0.0553,535.00,0.5530,0.8522,0.7513,1.6239,2.6458
8,1000,40,4,2,61.00,744.00,0.5549,2.5656,0.6009,17986.14,0.0556,531.00,0.5560,0.8768,0.7791,1.6798,2.4794
8,1000,40,4,3,61.00,744.00,0.5549,2.5656,0.6451,18522.00,0.0540,529.00,0.5399,0.8562,0.7539,1.6379,2.6322
8,1000,40,4,4,61.00,744.00,0.5549,2.5656,0.6696,18393.36,0.0544,532.00,0.5437,0.8653,0.7631,1.6400,2.7526
8,1000,40,4,4,61.00,744.00,0.5549,2.5656,0.6696,18364.64,0.0545,532.00,0.5445,0.8449,0.7509,1.5763,2.5882
8,1000,40,4,5,61.00,744.00,0.5549,2.5656,0.6827,18367.17,0.0544,531.00,0.5444,0.8796,0.7889,1.6145,2.5634
8,1000,40,4,6,61.00,744.00,0.5549,2.5656,0.6903,18591.18,0.0538,532.00,0.5379,0.8655,0.7649,1.6305,2.5973
8,1000,40,4,7,61.00,744.00,0.5549,2.5656,0.6952,18752.82,0.0533,527.00,0.5333,0.8699,0.7720,1.6506,2.5169
8,1000,40,4,8,61.00,744.00,0.5549,2.5656,0.6993,18458.98,0.0542,531.00,0.5417,0.8566,0.7684,1.5965,2.4994
8,1000,40,4,10,61.00,744.00,0.5549,2.5656,0.7038,19132.03,0.0523,531.00,0.5227,0.8582,0.7629,1.6859,2.5155
8,1000,40,4,12,61.00,744.00,0.5549,2.5656,0.7064,18867.42,0.0530,530.00,0.5300,0.8436,0.7505,1.6117,2.4096
8,1000,40,6,1,61.00,744.00,0.5549,2.5656,0.5210,13386.40,0.0747,523.00,0.7470,1.2435,1.1258,2.2008,3.6501
8,1000,40,6,1,61.00,744.00,0.5549,2.5656,0.5210,13005.70,0.0769,538.00,0.7689,1.2700,1.1430,2.3072,3.7847
8,1000,40,6,1,61.00,744.00,0.5549,2.5656,0.5210,13063.66,0.0765,532.00,0.7655,1.2594,1.1279,2.2748,3.8207
8,1000,40,6,2,61.00,744.00,0.5549,2.5656,0.6484,12613.79,0.0793,533.00,0.7928,1.2988,1.1628,2.3459,3.9450
8,1000,40,6,3,61.00,744.00,0.5549,2.5656,0.7024,12953.55,0.0772,532.00,0.7720,1.2948,1.1653,2.3453,3.6365
8,1000,40,6,4,61.00,744.00,0.5549,2.5656,0.7337,12751.65,0.0784,529.00,0.7842,1.2959,1.1566,2.2977,3.9772
8,1000,40,6,6,61.00,744.00,0.5549,2.5656,0.7610,12541.72,0.0797,530.00,0.7973,1.3305,1.1959,2.3970,3.9723
8,1000,40,6,7,61.00,744.00,0.5549,2.5656,0.7677,12459.43,0.0803,529.00,0.8026,1.3343,1.2000,2.4217,3.9126
8,1000,40,6,8,61.00,744.00,0.5549,2.5656,0.7729,12467.19,0.0802,530.00,0.8021,1.3284,1.2064,2.3604,3.4794
8,1000,40,6,9,61.00,744.00,0.5549,2.5656,0.7766,12312.24,0.0812,528.00,0.8122,1.3199,1.2096,2.3799,3.5084
8,1000,40,6,10,61.00,744.00,0.5549,2.5656,0.7792,12821.01,0.0780,530.00,0.7800,1.2743,1.1425,2.2754,3.7979
8,1000,40,6,12,61.00,744.00,0.5549,2.5656,0.7830,13018.85,0.0768,529.00,0.7681,1.3116,1.1840,2.3203,3.5476
8,1000,40,6,15,61.00,744.00,0.5549,2.5656,0.7856,12945.87,0.0772,527.00,0.7724,1.3033,1.1693,2.3264,3.9050
8,1000,40,6,18,61.00,744.00,0.5549,2.5656,0.7868,12989.85,0.0770,532.00,0.7698,1.2932,1.1672,2.3315,3.7011
8,1000,40,8,1,61.00,744.00,0.5549,2.5656,0.5341,10153.43,0.0985,528.00,0.9849,1.6697,1.5095,2.9213,4.8874
8,1000,40,8,1,61.00,744.00,0.5549,2.5656,0.5341,10175.66,0.0983,538.00,0.9827,1.6707,1.5164,2.8786,4.9193
8,1000,40,8,2,61.00,744.00,0.5549,2.5656,0.6725,10081.91,0.0992,533.00,0.9919,1.7191,1.5533,2.9674,4.7972
8,1000,40,8,3,61.00,744.00,0.5549,2.5656,0.7339,10350.43,0.0966,532.00,0.9661,1.7255,1.5697,2.9614,4.7924
8,1000,40,8,4,61.00,744.00,0.5549,2.5656,0.7693,10212.29,0.0979,531.00,0.9792,1.7201,1.5614,2.9877,4.7467
8,1000,40,8,6,61.00,744.00,0.5549,2.5656,0.8022,9676.79,0.1033,530.00,1.0334,1.7537,1.5903,2.9823,5.2700
8,1000,40,8,8,61.00,744.00,0.5549,2.5656,0.8178,10238.32,0.0977,531.00,0.9767,1.7532,1.5899,2.9892,4.9368
8,1000,40,8,9,61.00,744.00,0.5549,2.5656,0.8225,10270.94,0.0974,532.00,0.9736,1.7282,1.5651,2.9242,4.7744
8,1000,40,8,11,61.00,744.00,0.5549,2.5656,0.8285,10240.88,0.0976,531.00,0.9765,1.7318,1.5791,2.8894,4.7346
8,1000,40,8,12,61.00,744.00,0.5549,2.5656,0.8306,10424.81,0.0959,532.00,0.9593,1.6887,1.5292,2.9033,4.8224
8,1000,40,8,14,61.00,744.00,0.5549,2.5656,0.8332,9935.59,0.1006,532.00,1.0065,1.7152,1.5475,2.9506,5.0157
8,1000,40,8,16,61.00,744.00,0.5549,2.5656,0.8344,9948.73,0.1005,530.00,1.0052,1.7482,1.6017,2.9644,4.7330
8,1000,40,8,20,61.00,744.00,0.5549,2.5656,0.8360,10220.20,0.0978,532.00,0.9785,1.7280,1.5765,2.9043,4.8001
8,1000,40,8,24,61.00,744.00,0.5549,2.5656,0.8365,10316.10,0.0969,530.00,0.9694,1.7250,1.5757,2.9266,4.6972
8,1000,40,12,1,61.00,744.00,0.5549,2.5656,0.5434,7547.51,0.1325,531.00,1.3249,2.4221,2.2402,3.9598,6.5936
8,1000,40,12,2,61.00,744.00,0.5549,2.5656,0.6933,7316.42,0.1367,527.00,1.3668,2.5176,2.3105,4.0147,7.0666
8,1000,40,12,3,61.00,744.00,0.5549,2.5656,0.7637,7135.96,0.1401,532.00,1.4014,2.4975,2.2891,3.9418,7.4291
8,1000,40,12,4,61.00,744.00,0.5549,2.5656,0.8059,7086.92,0.1411,536.00,1.4111,2.5336,2.3334,3.9878,6.8936
8,1000,40,12,6,61.00,744.00,0.5549,2.5656,0.8464,7210.86,0.1387,533.00,1.3868,2.5466,2.3338,4.0936,7.1412
8,1000,40,12,9,61.00,744.00,0.5549,2.5656,0.8726,6987.80,0.1431,527.00,1.4311,2.5242,2.3059,4.0103,7.6017
8,1000,40,12,12,61.00,744.00,0.5549,2.5656,0.8836,7068.83,0.1415,530.00,1.4147,2.5095,2.2969,4.0717,7.2868
8,1000,40,12,14,61.00,744.00,0.5549,2.5656,0.8874,6950.73,0.1439,528.00,1.4387,2.5515,2.3373,4.1179,7.2397
8,1000,40,12,16,61.00,744.00,0.5549,2.5656,0.8893,6960.30,0.1437,527.00,1.4367,2.5865,2.3818,4.1343,7.0876
8,1000,40,12,19,61.00,744.00,0.5549,2.5656,0.8915,6997.04,0.1429,532.00,1.4292,2.5122,2.3005,3.9854,8.1203
8,1000,40,12,21,61.00,744.00,0.5549,2.5656,0.8922,7049.43,0.1419,534.00,1.4186,2.5925,2.3995,4.1903,7.0346
8,1000,40,12,24,61.00,744.00,0.5549,2.5656,0.8930,6906.70,0.1448,534.00,1.4479,2.6260,2.4311,4.2220,6.1971
8,1000,40,12,30,61.00,744.00,0.5549,2.5656,0.8939,7128.22,0.1403,532.00,1.4029,2.5567,2.3464,4.0437,7.0602
8,1000,40,12,36,61.00,744.00,0.5549,2.5656,0.8942,7117.27,0.1405,534.00,1.4050,2.5674,2.3599,4.0914,7.0538
8,1000,40,16,1,61.00,744.00,0.5549,2.5656,0.5464,6268.65,0.1595,530.00,1.5952,2.9959,2.8247,4.7650,8.6394
8,1000,40,16,3,61.00,744.00,0.5549,2.5656,0.7755,5652.68,0.1769,530.00,1.7691,3.3365,3.0743,5.0891,9.6089
8,1000,40,16,4,61.00,744.00,0.5549,2.5656,0.8209,5456.97,0.1833,537.00,1.8325,3.3192,3.0777,5.0550,9.4469
8,1000,40,16,6,61.00,744.00,0.5549,2.5656,0.8675,5552.78,0.1801,531.00,1.8009,3.3299,3.0573,5.0828,9.9542
8,1000,40,16,8,61.00,744.00,0.5549,2.5656,0.8911,5556.59,0.1800,538.00,1.7997,3.3448,3.0966,5.1187,9.5476
8,1000,40,16,12,61.00,744.00,0.5549,2.5656,0.9124,5381.23,0.1858,531.00,1.8583,3.4277,3.1925,5.2071,9.1999
8,1000,40,16,16,61.00,744.00,0.5549,2.5656,0.9200,5393.60,0.1854,530.00,1.8540,3.4173,3.1691,5.2253,8.5888
8,1000,40,16,19,61.00,744.00,0.5549,2.5656,0.9229,5347.09,0.1870,529.00,1.8702,3.3351,3.0791,5.0957,10.4302
8,1000,40,16,22,61.00,744.00,0.5549,2.5656,0.9243,5388.49,0.1856,529.00,1.8558,3.3696,3.1132,5.1557,10.1054
8,1000,40,16,25,61.00,744.00,0.5549,2.5656,0.9254,5262.56,0.1900,531.00,1.9002,3.5195,3.2755,5.4029,8.8440
8,1000,40,16,28,61.00,744.00,0.5549,2.5656,0.9261,5385.93,0.1857,527.00,1.8567,3.4375,3.1878,5.2390,9.1614
8,1000,40,16,32,61.00,744.00,0.5549,2.5656,0.9266,5356.91,0.1867,528.00,1.8667,3.4972,3.2433,5.3507,9.6580
8,1000,40,16,40,61.00,744.00,0.5549,2.5656,0.9271,5276.65,0.1895,529.00,1.8951,3.3960,3.1385,5.1793,10.5374
8,1000,40,16,48,61.00,744.00,0.5549,2.5656,0.9273,5393.43,0.1854,530.00,1.8541,3.4022,3.1558,5.1838,9.5538
8,1000,40,24,2,61.00,744.00,0.5549,2.5656,0.7052,3942.87,0.2536,533.00,2.5362,4.6088,4.3631,6.6775,14.8876
8,1000,40,24,4,61.00,744.00,0.5549,2.5656,0.8324,3785.37,0.2642,537.00,2.6417,4.9533,4.6300,7.1576,14.0749
8,1000,40,24,7,61.00,744.00,0.5549,2.5656,0.8989,3767.09,0.2655,534.00,2.6546,4.9864,4.6564,7.2109,14.3117
8,1000,40,24,9,61.00,744.00,0.5549,2.5656,0.9213,3780.96,0.2645,538.00,2.6448,4.9981,4.6522,7.1990,14.2947
8,1000,40,24,12,61.00,744.00,0.5549,2.5656,0.9384,3692.77,0.2708,534.00,2.7080,4.9469,4.6493,7.1145,10.3823
8,1000,40,24,19,61.00,744.00,0.5549,2.5656,0.9528,3794.87,0.2635,529.00,2.6351,4.8827,4.5882,7.0153,10.1336
8,1000,40,24,24,61.00,744.00,0.5549,2.5656,0.9563,3770.00,0.2653,531.00,2.6525,4.8907,4.6020,6.9962,12.4915
8,1000,40,24,28,61.00,744.00,0.5549,2.5656,0.9576,3694.57,0.2707,532.00,2.7067,5.0565,4.7177,7.3597,14.3300
8,1000,40,24,33,61.00,744.00,0.5549,2.5656,0.9584,3494.36,0.2862,527.00,2.8618,5.1759,4.8267,7.5351,16.5904
8,1000,40,24,38,61.00,744.00,0.5549,2.5656,0.9589,3643.94,0.2744,528.00,2.7443,5.0169,4.6792,7.3351,16.2599
8,1000,40,24,43,61.00,744.00,0.5549,2.5656,0.9592,3831.65,0.2610,531.00,2.6098,4.9835,4.6321,7.1366,14.6504
8,1000,40,24,48,61.00,744.00,0.5549,2.5656,0.9594,3764.57,0.2656,535.00,2.6563,4.9718,4.6399,7.1829,14.8626
8,1000,40,24,60,61.00,744.00,0.5549,2.5656,0.9596,3715.29,0.2692,535.00,2.6916,5.0740,4.7599,7.3406,14.2155
8,1000,40,24,72,61.00,744.00,0.5549,2.5656,0.9596,3650.78,0.2739,538.00,2.7391,5.0109,4.6608,7.2989,14.6738
8,1000,40,32,3,61.00,744.00,0.5549,2.5656,0.7853,3040.73,0.3289,533.00,3.2887,6.0605,5.7973,8.4378,17.5387
8,1000,40,32,6,61.00,744.00,0.5549,2.5656,0.8893,2864.42,0.3491,534.00,3.4911,6.6249,6.2712,9.2319,18.4194
8,1000,40,32,9,61.00,744.00,0.5549,2.5656,0.9299,2845.38,0.3514,535.00,3.5145,6.5051,6.1414,9.0957,15.1570
8,1000,40,32,12,61.00,744.00,0.5549,2.5656,0.9493,2825.07,0.3540,531.00,3.5397,6.6714,6.2897,9.2263,19.5549
8,1000,40,32,16,61.00,744.00,0.5549,2.5656,0.9619,2860.17,0.3496,530.00,3.4963,6.6423,6.2501,9.3029,19.1327
8,1000,40,32,25,61.00,744.00,0.5549,2.5656,0.9718,2878.40,0.3474,538.00,3.4742,6.5064,6.1375,9.0699,15.8288
8,1000,40,32,32,61.00,744.00,0.5549,2.5656,0.9742,2861.33,0.3495,533.00,3.4949,6.4791,6.1274,9.1897,14.7043
8,1000,40,32,38,61.00,744.00,0.5549,2.5656,0.9749,2869.21,0.3485,529.00,3.4853,6.5645,6.1664,9.0916,19.5205
8,1000,40,32,44,61.00,744.00,0.5549,2.5656,0.9753,2865.69,0.3490,538.00,3.4896,6.6211,6.2319,9.1698,20.1634
8,1000,40,32,51,61.00,744.00,0.5549,2.5656,0.9756,2805.29,0.3565,538.00,3.5647,6.5352,6.1468,9.2124,20.4895
8,1000,40,32,57,61.00,744.00,0.5549,2.5656,0.9757,2880.54,0.3472,537.00,3.4716,6.5753,6.1830,9.1149,19.8870
8,1000,40,32,64,61.00,744.00,0.5549,2.5656,0.9758,2823.36,0.3542,531.00,3.5419,6.4831,6.1250,9.0702,20.9182
8,1000,40,32,80,61.00,744.00,0.5549,2.5656,0.9759,2810.69,0.3558,538.00,3.5579,6.5375,6.1406,9.1756,19.4992
8,1000,40,32,96,61.00,744.00,0.5549,2.5656,0.9759,2865.28,0.3490,531.00,3.4901,6.5130,6.1272,9.0329,20.5591
8,1000,40,48,4,61.00,744.00,0.5549,2.5656,0.8364,2276.60,0.4393,532.00,4.3925,8.1167,7.8375,11.2453,24.0469
8,1000,40,48,9,61.00,744.00,0.5549,2.5656,0.9348,1957.56,0.5108,530.00,5.1084,9.7043,9.2420,12.8951,29.7256
8,1000,40,48,14,61.00,744.00,0.5549,2.5656,0.9654,1891.59,0.5287,531.00,5.2866,9.6936,9.1921,12.8966,32.6422
8,1000,40,48,19,61.00,744.00,0.5549,2.5656,0.9773,1912.76,0.5228,540.00,5.2280,9.6177,9.1252,12.7972,32.7699
8,1000,40,48,24,61.00,744.00,0.5549,2.5656,0.9826,1927.15,0.5189,532.00,5.1890,9.8385,9.3190,13.1349,30.1294
8,1000,40,48,38,61.00,744.00,0.5549,2.5656,0.9879,1933.43,0.5172,529.00,5.1722,9.6285,9.1647,12.7785,31.9083
8,1000,40,48,48,61.00,744.00,0.5549,2.5656,0.9887,1978.37,0.5055,535.00,5.0547,9.5486,9.0714,12.9740,21.6563
8,1000,40,48,57,61.00,744.00,0.5549,2.5656,0.9890,1920.54,0.5207,537.00,5.2069,9.6552,9.1720,13.1288,24.5678
8,1000,40,48,67,61.00,744.00,0.5549,2.5656,0.9891,1963.72,0.5092,540.00,5.0924,9.5148,9.0883,12.5690,29.4115
8,1000,40,48,76,61.00,744.00,0.5549,2.5656,0.9892,1989.57,0.5026,530.00,5.0262,9.6792,9.1775,12.4342,31.8161
8,1000,40,48,86,61.00,744.00,0.5549,2.5656,0.9893,1911.98,0.5230,532.00,5.2302,9.9996,9.5672,13.2968,30.0257
8,1000,40,48,96,61.00,744.00,0.5549,2.5656,0.9893,1968.18,0.5081,533.00,5.0808,9.7477,9.2533,12.7499,30.5778
8,1000,40,48,120,61.00,744.00,0.5549,2.5656,0.9893,1959.26,0.5104,538.00,5.1040,9.5464,9.0921,12.5061,33.0565
8,1000,40,48,144,61.00,744.00,0.5549,2.5656,0.9893,1998.87,0.5003,540.00,5.0028,9.6772,9.1563,12.3946,31.0625
8,1000,40,64,6,61.00,744.00,0.5549,2.5656,0.8917,1823.71,0.5483,541.00,5.4833,10.4568,10.1300,14.4670,31.0369
8,1000,40,64,12,61.00,744.00,0.5549,2.5656,0.9581,1509.91,0.6623,541.00,6.6229,12.6558,12.0829,16.3262,39.4266
8,1000,40,64,19,61.00,744.00,0.5549,2.5656,0.9805,1472.26,0.6792,532.00,6.7923,12.9400,12.3578,16.9032,38.9085
8,1000,40,64,25,61.00,744.00,0.5549,2.5656,0.9875,1440.68,0.6941,541.00,6.9412,12.9120,12.3475,16.7381,44.1816
8,1000,40,64,32,61.00,744.00,0.5549,2.5656,0.9912,1470.20,0.6802,541.00,6.8018,13.0024,12.4124,16.8982,39.0526
8,1000,40,64,51,61.00,744.00,0.5549,2.5656,0.9940,1475.75,0.6776,532.00,6.7762,12.9394,12.3681,16.9184,38.1879
8,1000,40,64,64,61.00,744.00,0.5549,2.5656,0.9942,1472.19,0.6793,533.00,6.7926,12.9975,12.4305,16.9933,40.2283
8,1000,40,64,76,61.00,744.00,0.5549,2.5656,0.9943,1453.40,0.6880,542.00,6.8804,12.7915,12.2178,16.7431,39.3375
8,1000,40,64,89,61.00,744.00,0.5549,2.5656,0.9945,1446.29,0.6914,542.00,6.9142,12.8808,12.3096,16.7331,42.1507
8,1000,40,64,102,61.00,744.00,0.5549,2.5656,0.9945,1457.77,0.6860,534.00,6.8598,13.1063,12.5695,17.0786,37.4948
8,1000,40,64,115,61.00,744.00,0.5549,2.5656,0.9945,1457.32,0.6862,535.00,6.8619,13.0846,12.5665,17.3083,36.3661
8,1000,40,64,128,61.00,744.00,0.5549,2.5656,0.9945,1453.04,0.6882,540.00,6.8821,13.1313,12.5751,17.1985,38.4320
8,1000,40,64,160,61.00,744.00,0.5549,2.5656,0.9946,1517.99,0.6588,541.00,6.5876,12.7882,12.2220,16.0993,42.9050
8,1000,40,64,192,61.00,744.00,0.5549,2.5656,0.9946,1498.04,0.6675,540.00,6.6754,12.8736,12.3038,16.3114,41.4240
8,1000,80,1,1,83.00,763.00,0.5372,2.4545,0.3057,44050.51,0.0227,547.00,0.2270,0.2705,0.2266,0.6200,0.9411
8,1000,80,1,1,83.00,763.00,0.5372,2.4545,0.3057,48113.63,0.0208,548.00,0.2078,0.2450,0.2055,0.5591,0.8631
8,1000,80,1,1,83.00,763.00,0.5372,2.4545,0.3057,47643.48,0.0210,547.00,0.2099,0.2434,0.2017,0.5527,0.8996
8,1000,80,1,1,83.00,763.00,0.5372,2.4545,0.3057,48633.66,0.0206,548.00,0.2056,0.2384,0.1979,0.5497,0.8814
8,1000,80,1,1,83.00,763.00,0.5372,2.4545,0.3057,48444.49,0.0206,546.00,0.2064,0.2198,0.1824,0.4907,0.8073
8,1000,80,1,1,83.00,763.00,0.5372,2.4545,0.3057,49637.75,0.0201,550.00,0.2015,0.2225,0.1798,0.5235,0.8331
8,1000,80,1,1,83.00,763.00,0.5372,2.4545,0.3057,50955.17,0.0196,549.00,0.1963,0.2069,0.1665,0.4808,0.7822
8,1000,80,1,1,83.00,763.00,0.5372,2.4545,0.3057,47873.39,0.0209,547.00,0.2089,0.2160,0.1751,0.4952,0.8462
8,1000,80,1,1,83.00,763.00,0.5372,2.4545,0.3057,49363.85,0.0203,544.00,0.2026,0.2020,0.1658,0.4646,0.7407
8,1000,80,1,1,83.00,763.00,0.5372,2.4545,0.3057,48835.21,0.0205,551.00,0.2048,0.2014,0.1629,0.4645,0.7722
8,1000,80,1,1,83.00,763.00,0.5372,2.4545,0.3057,50215.99,0.0199,548.00,0.1991,0.1953,0.1598,0.4476,0.7292
8,1000,80,1,2,83.00,763.00,0.5372,2.4545,0.3582,47797.35,0.0209,551.00,0.2092,0.2093,0.1740,0.4698,0.7586
8,1000,80,1,2,83.00,763.00,0.5372,2.4545,0.3582,49406.96,0.0202,552.00,0.2024,0.2185,0.1813,0.5026,0.7984
8,1000,80,1,3,83.00,763.00,0.5372,2.4545,0.3771,49971.56,0.0200,556.00,0.2001,0.2074,0.1707,0.4761,0.7493
8,1000,80,2,1,83.00,763.00,0.5372,2.4545,0.4111,31692.99,0.0316,550.00,0.3155,0.4503,0.3960,0.9143,1.4514
8,1000,80,2,1,83.00,763.00,0.5372,2.4545,0.4111,31108.28,0.0321,550.00,0.3215,0.4398,0.3817,0.8990,1.4421
8,1000,80,2,1,83.00,763.00,0.5372,2.4545,0.4111,30751.89,0.0325,551.00,0.3252,0.4350,0.3768,0.8863,1.3873
8,1000,80,2,1,83.00,763.00,0.5372,2.4545,0.4111,33132.50,0.0302,550.00,0.3018,0.4358,0.3839,0.8691,1.4466
8,1000,80,2,1,83.00,763.00,0.5372,2.4545,0.4111,31804.63,0.0314,552.00,0.3144,0.4302,0.3757,0.8744,1.4314
8,1000,80,2,1,83.00,763.00,0.5372,2.4545,0.4111,31820.74,0.0314,553.00,0.3143,0.4283,0.3731,0.8761,1.3833
8,1000,80,2,2,83.00,763.00,0.5372,2.4545,0.4883,31594.73,0.0317,553.00,0.3165,0.4380,0.3810,0.8897,1.4853
8,1000,80,2,2,83.00,763.00,0.5372,2.4545,0.4883,31835.19,0.0314,550.00,0.3141,0.4282,0.3734,0.8756,1.4288
8,1000,80,2,2,83.00,763.00,0.5372,2.4545,0.4883,31369.65,0.0319,551.00,0.3188,0.4404,0.3843,0.9248,1.4386
8,1000,80,2,3,83.00,763.00,0.5372,2.4545,0.5191,30714.05,0.0326,554.00,0.3256,0.4263,0.3648,0.9038,1.4294
8,1000,80,2,3,83.00,763.00,0.5372,2.4545,0.5191,31098.75,0.0322,553.00,0.3216,0.4299,0.3717,0.9156,1.4509
8,1000,80,2,4,83.00,763.00,0.5372,2.4545,0.5337,31495.02,0.0318,553.00,0.3175,0.4220,0.3690,0.8953,1.4424
8,1000,80,2,5,83.00,763.00,0.5372,2.4545,0.5421,30561.19,0.0327,555.00,0.3272,0.4735,0.4189,0.9768,1.5386
8,1000,80,2,6,83.00,763.00,0.5372,2.4545,0.5461,30484.84,0.0328,556.00,0.3280,0.4330,0.3763,0.8983,1.4557
8,1000,80,4,1,83.00,763.00,0.5372,2.4545,0.4931,18903.01,0.0529,548.00,0.5290,0.8622,0.7727,1.6315,2.4050
8,1000,80,4,1,83.00,763.00,0.5372,2.4545,0.4931,19323.12,0.0518,562.00,0.5175,0.8364,0.7380,1.6560,2.5691
8,1000,80,4,1,83.00,763.00,0.5372,2.4545,0.4931,19016.77,0.0526,555.00,0.5259,0.8499,0.7462,1.6621,2.5492
8,1000,80,4,1,83.00,763.00,0.5372,2.4545,0.4931,19798.78,0.0505,552.00,0.5051,0.8429,0.7425,1.6011,2.6611
8,1000,80,4,2,83.00,763.00,0.5372,2.4545,0.6025,19253.43,0.0519,557.00,0.5194,0.8581,0.7572,1.6634,2.5047
8,1000,80,4,3,83.00,763.00,0.5372,2.4545,0.6473,19535.14,0.0512,556.00,0.5119,0.8272,0.7317,1.5781,2.6506
8,1000,80,4,4,83.00,763.00,0.5372,2.4545,0.6700,19124.29,0.0523,555.00,0.5229,0.8443,0.7520,1.5928,2.3708
8,1000,80,4,4,83.00,763.00,0.5372,2.4545,0.6700,19539.72,0.0512,562.00,0.5118,0.8263,0.7273,1.6035,2.6677
8,1000,80,4,5,83.00,763.00,0.5372,2.4545,0.6837,19665.21,0.0509,558.00,0.5085,0.8424,0.7385,1.5935,2.6165
8,1000,80,4,6,83.00,763.00,0.5372,2.4545,0.6913,19503.43,0.0513,558.00,0.5127,0.8341,0.7336,1.6284,2.6897
8,1000,80,4,7,83.00,763.00,0.5372,2.4545,0.6958,19101.53,0.0524,557.00,0.5235,0.8431,0.7553,1.5984,2.2937
8,1000,80,4,8,83.00,763.00,0.5372,2.4545,0.6996,19575.02,0.0511,555.00,0.5109,0.8224,0.7314,1.6176,2.5063
8,1000,80,4,10,83.00,763.00,0.5372,2.4545,0.7032,19410.91,0.0515,557.00,0.5152,0.8464,0.7470,1.6487,2.4982
8,1000,80,4,12,83.00,763.00,0.5372,2.4545,0.7060,19320.63,0.0518,556.00,0.5176,0.8349,0.7345,1.6482,2.6215
8,1000,80,6,1,83.00,763.00,0.5372,2.4545,0.5223,13787.88,0.0725,556.00,0.7253,1.2233,1.1067,2.1948,3.1802
8,1000,80,6,1,83.00,763.00,0.5372,2.4545,0.5223,14080.63,0.0710,552.00,0.7102,1.2327,1.1028,2.2604,3.7343
8,1000,80,6,1,83.00,763.00,0.5372,2.4545,0.5223,13993.18,0.0715,554.00,0.7146,1.2300,1.0971,2.2528,3.7987
8,1000,80,6,2,83.00,763.00,0.5372,2.4545,0.6506,13924.86,0.0718,556.00,0.7181,1.2524,1.1219,2.2519,3.7075
8,1000,80,6,3,83.00,763.00,0.5372,2.4545,0.7051,13897.53,0.0720,554.00,0.7196,1.2607,1.1290,2.2354,3.9249
8,1000,80,6,4,83.00,763.00,0.5372,2.4545,0.7338,13525.66,0.0739,562.00,0.7393,1.2698,1.1438,2.2376,3.5842
8,1000,80,6,6,83.00,763.00,0.5372,2.4545,0.7628,13299.54,0.0752,555.00,0.7519,1.2648,1.1364,2.1902,3.7589
8,1000,80,6,7,83.00,763.00,0.5372,2.4545,0.7697,13713.91,0.0729,553.00,0.7292,1.2617,1.1339,2.2189,3.6126
8,1000,80,6,8,83.00,763.00,0.5372,2.4545,0.7752,13282.27,0.0753,553.00,0.7529,1.2516,1.1253,2.2022,3.7316
8,1000,80,6,9,83.00,763.00,0.5372,2.4545,0.7789,13818.18,0.0724,557.00,0.7237,1.2776,1.1492,2.2928,3.6917
8,1000,80,6,10,83.00,763.00,0.5372,2.4545,0.7806,13239.79,0.0755,556.00,0.7553,1.2580,1.1332,2.1979,3.8161
8,1000,80,6,12,83.00,763.00,0.5372,2.4545,0.7837,12981.28,0.0770,555.00,0.7703,1.2918,1.1604,2.3086,3.6160
8,1000,80,6,15,83.00,763.00,0.5372,2.4545,0.7860,13369.17,0.0748,555.00,0.7480,1.3129,1.1822,2.2967,3.6805
8,1000,80,6,18,83.00,763.00,0.5372,2.4545,0.7872,13607.66,0.0735,554.00,0.7349,1.2534,1.1236,2.1895,3.9871
8,1000,80,8,1,83.00,763.00,0.5372,2.4545,0.5357,10884.80,0.0919,558.00,0.9187,1.6397,1.4877,2.8171,4.9395
8,1000,80,8,1,83.00,763.00,0.5372,2.4545,0.5357,10283.37,0.0972,552.00,0.9724,1.6348,1.4901,2.7560,5.0626
8,1000,80,8,2,83.00,763.00,0.5372,2.4545,0.6744,10618.30,0.0942,557.00,0.9418,1.6597,1.5110,2.7869,4.4328
8,1000,80,8,3,83.00,763.00,0.5372,2.4545,0.7370,10717.64,0.0933,555.00,0.9330,1.6670,1.5010,2.8607,4.8707
8,1000,80,8,4,83.00,763.00,0.5372,2.4545,0.7703,10690.46,0.0935,554.00,0.9354,1.6629,1.5065,2.8988,4.1642
8,1000,80,8,6,83.00,763.00,0.5372,2.4545,0.8051,10855.77,0.0921,556.00,0.9212,1.6687,1.5021,2.8556,4.8166
8,1000,80,8,8,83.00,763.00,0.5372,2.4545,0.8200,10579.90,0.0945,556.00,0.9452,1.6579,1.4991,2.8283,4.5237
8,1000,80,8,9,83.00,763.00,0.5372,2.4545,0.8243,10225.88,0.0978,555.00,0.9779,1.7200,1.5697,2.9211,4.4828
8,1000,80,8,11,83.00,763.00,0.5372,2.4545,0.8295,9887.10,0.1011,551.00,1.0114,1.8010,1.6588,2.9892,4.5931
8,1000,80,8,12,83.00,763.00,0.5372,2.4545,0.8309,10836.48,0.0923,562.00,0.9228,1.6397,1.4701,2.8459,5.1197
8,1000,80,8,14,83.00,763.00,0.5372,2.4545,0.8334,10836.22,0.0923,558.00,0.9228,1.6570,1.5021,2.8887,3.9772
8,1000,80,8,16,83.00,763.00,0.5372,2.4545,0.8345,10964.36,0.0912,557.00,0.9120,1.6541,1.4830,2.8178,4.9485
8,1000,80,8,20,83.00,763.00,0.5372,2.4545,0.8359,10703.00,0.0934,562.00,0.9343,1.6494,1.5023,2.8496,4.0700
8,1000,80,8,24,83.00,763.00,0.5372,2.4545,0.8367,10608.26,0.0943,556.00,0.9427,1.6653,1.5176,2.8594,4.0704
8,1000,80,12,1,83.00,763.00,0.5372,2.4545,0.5454,7723.54,0.1295,554.00,1.2947,2.3473,2.1717,3.8827,5.5877
8,1000,80,12,2,83.00,763.00,0.5372,2.4545,0.6964,7533.77,0.1327,555.00,1.3274,2.4385,2.2476,3.9436,5.4959
8,1000,80,12,3,83.00,763.00,0.5372,2.4545,0.7677,7489.89,0.1335,555.00,1.3351,2.4813,2.2461,3.9401,7.6085
8,1000,80,12,4,83.00,763.00,0.5372,2.4545,0.8073,7518.51,0.1330,556.00,1.3301,2.4819,2.2655,4.0097,7.0987
8,1000,80,12,6,83.00,763.00,0.5372,2.4545,0.8505,7390.86,0.1353,555.00,1.3530,2.4842,2.2511,3.9922,7.4356
8,1000,80,12,9,83.00,763.00,0.5372,2.4545,0.8754,7428.84,0.1346,555.00,1.3461,2.4924,2.2564,3.9992,7.1093
8,1000,80,12,12,83.00,763.00,0.5372,2.4545,0.8855,7447.46,0.1343,555.00,1.3427,2.4769,2.2501,3.9505,7.5976
8,1000,80,12,14,83.00,763.00,0.5372,2.4545,0.8890,7482.08,0.1337,556.00,1.3365,2.4853,2.2611,3.9364,7.3551
8,1000,80,12,16,83.00,763.00,0.5372,2.4545,0.8907,7356.88,0.1359,555.00,1.3593,2.5122,2.2902,4.0222,7.0668
8,1000,80,12,19,83.00,763.00,0.5372,2.4545,0.8928,7287.13,0.1372,555.00,1.3723,2.5188,2.3045,4.0772,6.9575
8,1000,80,12,21,83.00,763.00,0.5372,2.4545,0.8934,7280.96,0.1373,551.00,1.3734,2.5243,2.2997,4.0484,7.1397
8,1000,80,12,24,83.00,763.00,0.5372,2.4545,0.8943,7344.25,0.1362,555.00,1.3616,2.4861,2.2576,3.9889,7.4014
8,1000,80,12,30,83.00,763.00,0.5372,2.4545,0.8952,7436.18,0.1345,552.00,1.3448,2.4769,2.2653,3.9585,7.2983
8,1000,80,12,36,83.00,763.00,0.5372,2.4545,0.8955,7121.67,0.1404,556.00,1.4042,2.4974,2.2832,3.9844,7.4034
8,1000,80,16,1,83.00,763.00,0.5372,2.4545,0.5479,6090.29,0.1642,554.00,1.6420,2.9577,2.8038,4.7141,7.4825
8,1000,80,16,3,83.00,763.00,0.5372,2.4545,0.7788,5503.01,0.1817,561.00,1.8172,3.2545,3.0123,4.9452,9.1500
8,1000,80,16,4,83.00,763.00,0.5372,2.4545,0.8219,5725.91,0.1746,558.00,1.7464,3.2998,3.0362,4.9942,9.5673
8,1000,80,16,6,83.00,763.00,0.5372,2.4545,0.8710,5646.36,0.1771,554.00,1.7711,3.3166,3.0540,5.0117,9.9107
8,1000,80,16,8,83.00,763.00,0.5372,2.4545,0.8941,5570.97,0.1795,552.00,1.7950,3.2930,3.0336,5.1199,8.7937
8,1000,80,16,12,83.00,763.00,0.5372,2.4545,0.9146,5696.06,0.1756,553.00,1.7556,3.3173,3.0540,5.0730,9.3811
8,1000,80,16,16,83.00,763.00,0.5372,2.4545,0.9218,5689.33,0.1758,562.00,1.7577,3.3292,3.0583,5.0890,9.2670
8,1000,80,16,19,83.00,763.00,0.5372,2.4545,0.9244,5649.04,0.1770,557.00,1.7702,3.3248,3.0539,5.0213,9.4682
8,1000,80,16,22,83.00,763.00,0.5372,2.4545,0.9259,5606.19,0.1784,555.00,1.7837,3.3188,3.0541,5.0696,9.7959
8,1000,80,16,25,83.00,763.00,0.5372,2.4545,0.9271,5712.63,0.1751,552.00,1.7505,3.2944,3.0350,5.0381,9.4784
8,1000,80,16,28,83.00,763.00,0.5372,2.4545,0.9276,5460.79,0.1831,561.00,1.8312,3.3806,3.1365,5.3140,8.2353
8,1000,80,16,32,83.00,763.00,0.5372,2.4545,0.9282,5491.90,0.1821,560.00,1.8209,3.2793,3.0253,5.0233,9.7211
8,1000,80,16,40,83.00,763.00,0.5372,2.4545,0.9287,5476.38,0.1826,555.00,1.8260,3.2969,3.0436,5.0080,9.8589
8,1000,80,16,48,83.00,763.00,0.5372,2.4545,0.9289,5630.45,0.1776,559.00,1.7761,3.3273,3.0663,5.1062,9.3242
8,1000,80,24,2,83.00,763.00,0.5372,2.4545,0.7082,4069.07,0.2458,551.00,2.4576,4.6725,4.4101,6.7354,13.9232
8,1000,80,24,4,83.00,763.00,0.5372,2.4545,0.8327,3872.23,0.2582,560.00,2.5825,4.7957,4.5005,6.9032,13.2773
8,1000,80,24,7,83.00,763.00,0.5372,2.4545,0.9021,3914.86,0.2554,555.00,2.5544,4.8231,4.4680,6.9478,13.6432
8,1000,80,24,9,83.00,763.00,0.5372,2.4545,0.9238,3968.00,0.2520,553.00,2.5202,4.8007,4.4473,6.8521,15.6230
8,1000,80,24,12,83.00,763.00,0.5372,2.4545,0.9403,3926.65,0.2547,555.00,2.5467,4.9001,4.5473,6.8947,14.7819
8,1000,80,24,19,83.00,763.00,0.5372,2.4545,0.9537,3815.33,0.2621,557.00,2.6210,4.8550,4.5405,6.9348,14.8793
8,1000,80,24,24,83.00,763.00,0.5372,2.4545,0.9572,3930.35,0.2544,554.00,2.5443,4.8735,4.5103,6.9432,14.9022
8,1000,80,24,28,83.00,763.00,0.5372,2.4545,0.9585,3798.96,0.2632,562.00,2.6323,4.9794,4.6533,7.2387,13.8912
8,1000,80,24,33,83.00,763.00,0.5372,2.4545,0.9595,3707.62,0.2697,561.00,2.6971,4.9040,4.5708,7.0745,15.2275
8,1000,80,24,38,83.00,763.00,0.5372,2.4545,0.9600,3684.71,0.2714,558.00,2.7139,5.0919,4.8005,7.5170,12.5334
8,1000,80,24,43,83.00,763.00,0.5372,2.4545,0.9604,3742.48,0.2672,562.00,2.6720,4.8701,4.5617,6.9931,15.4335
8,1000,80,24,48,83.00,763.00,0.5372,2.4545,0.9605,3770.94,0.2652,562.00,2.6519,5.0136,4.7060,7.2516,14.0246
8,1000,80,24,60,83.00,763.00,0.5372,2.4545,0.9605,3777.85,0.2647,558.00,2.6470,4.9850,4.6698,7.1635,13.8415
8,1000,80,24,72,83.00,763.00,0.5372,2.4545,0.9606,3676.73,0.2720,555.00,2.7198,4.9751,4.6298,7.1560,14.9189
8,1000,80,32,3,83.00,763.00,0.5372,2.4545,0.7884,3051.82,0.3277,549.00,3.2767,6.1844,5.8710,8.5822,18.6415
8,1000,80,32,6,83.00,763.00,0.5372,2.4545,0.8925,2870.35,0.3484,562.00,3.4839,6.6026,6.2395,9.1433,19.2835
8,1000,80,32,9,83.00,763.00,0.5372,2.4545,0.9323,2869.28,0.3485,557.00,3.4852,6.6031,6.2284,9.1261,19.2172
8,1000,80,32,12,83.00,763.00,0.5372,2.4545,0.9508,2851.68,0.3507,555.00,3.5067,6.5893,6.2035,9.1617,19.5747
8,1000,80,32,16,83.00,763.00,0.5372,2.4545,0.9633,2835.38,0.3527,556.00,3.5269,6.6452,6.2679,9.2776,17.8801
8,1000,80,32,25,83.00,763.00,0.5372,2.4545,0.9728,2887.02,0.3464,552.00,3.4638,6.3909,6.0365,8.8629,19.0701
8,1000,80,32,32,83.00,763.00,0.5372,2.4545,0.9750,3009.49,0.3323,562.00,3.3228,6.3745,5.9997,9.1377,13.6704
8,1000,80,32,38,83.00,763.00,0.5372,2.4545,0.9756,3004.80,0.3328,556.00,3.3280,6.4009,5.9729,8.6514,21.5132
8,1000,80,32,44,83.00,763.00,0.5372,2.4545,0.9761,2992.11,0.3342,555.00,3.3421,6.3912,5.9696,8.5827,20.8336
8,1000,80,32,51,83.00,763.00,0.5372,2.4545,0.9763,2901.34,0.3447,562.00,3.4467,6.5600,6.1711,9.1805,18.7779
8,1000,80,32,57,83.00,763.00,0.5372,2.4545,0.9763,2861.54,0.3495,555.00,3.4946,6.4487,6.1054,9.0648,13.4908
8,1000,80,32,64,83.00,763.00,0.5372,2.4545,0.9764,2845.21,0.3515,554.00,3.5147,6.6072,6.2017,9.2763,18.7540
8,1000,80,32,80,83.00,763.00,0.5372,2.4545,0.9764,2748.47,0.3638,554.00,3.6384,6.8211,6.4883,9.6071,18.2570
8,1000,80,32,96,83.00,763.00,0.5372,2.4545,0.9764,2785.10,0.3591,553.00,3.5905,6.7524,6.3808,9.5736,18.2296
8,1000,80,48,4,83.00,763.00,0.5372,2.4545,0.8367,2259.05,0.4427,563.00,4.4266,8.3261,8.0501,11.4830,24.8663
8,1000,80,48,9,83.00,763.00,0.5372,2.4545,0.9371,1970.05,0.5076,563.00,5.0760,9.4113,8.9460,12.4129,31.8463
8,1000,80,48,14,83.00,763.00,0.5372,2.4545,0.9672,1979.86,0.5051,554.00,5.0509,9.4297,8.9875,12.3682,28.4716
8,1000,80,48,19,83.00,763.00,0.5372,2.4545,0.9785,1987.67,0.5031,552.00,5.0310,9.4392,9.0048,12.4999,19.8755
8,1000,80,48,24,83.00,763.00,0.5372,2.4545,0.9842,1979.02,0.5053,550.00,5.0530,9.4331,9.0173,12.4373,26.3464
8,1000,80,48,38,83.00,763.00,0.5372,2.4545,0.9889,1973.45,0.5067,561.00,5.0673,9.4555,9.0158,12.6398,29.0513
8,1000,80,48,48,83.00,763.00,0.5372,2.4545,0.9898,2018.17,0.4955,556.00,4.9550,9.5533,9.0521,12.4548,31.1571
8,1000,80,48,57,83.00,763.00,0.5372,2.4545,0.9899,2017.91,0.4956,555.00,4.9556,9.5679,9.0435,12.4791,30.1007
8,1000,80,48,67,83.00,763.00,0.5372,2.4545,0.9899,1976.70,0.5059,563.00,5.0589,9.5967,9.1025,12.6337,30.0737
8,1000,80,48,76,83.00,763.00,0.5372,2.4545,0.9899,1988.81,0.5028,556.00,5.0281,9.5993,9.1006,12.8541,27.9982
8,1000,80,48,86,83.00,763.00,0.5372,2.4545,0.9900,1945.18,0.5141,554.00,5.1409,9.8029,9.2855,13.0488,29.8975
8,1000,80,48,96,83.00,763.00,0.5372,2.4545,0.9900,1941.10,0.5152,553.00,5.1517,9.7617,9.2896,13.1173,27.9033
8,1000,80,48,120,83.00,763.00,0.5372,2.4545,0.9900,1884.28,0.5307,562.00,5.3071,10.0605,9.6777,13.6373,27.4736
8,1000,80,48,144,83.00,763.00,0.5372,2.4545,0.9900,1961.34,0.5099,558.00,5.0986,9.5092,9.0442,12.5135,30.4873
8,1000,80,64,6,83.00,763.00,0.5372,2.4545,0.8952,1778.63,0.5622,556.00,5.6223,10.4661,10.1248,14.0153,35.0978
8,1000,80,64,12,83.00,763.00,0.5372,2.4545,0.9595,1554.66,0.6432,564.00,6.4323,12.4360,11.8861,15.4443,39.1747
8,1000,80,64,19,83.00,763.00,0.5372,2.4545,0.9814,1499.55,0.6669,558.00,6.6687,12.6800,12.1518,16.5768,38.5914
8,1000,80,64,25,83.00,763.00,0.5372,2.4545,0.9886,1494.59,0.6691,556.00,6.6908,12.8465,12.2929,16.7407,38.0089
8,1000,80,64,32,83.00,763.00,0.5372,2.4545,0.9920,1538.14,0.6501,557.00,6.5013,12.6196,12.0243,15.9337,40.5726
8,1000,80,64,51,83.00,763.00,0.5372,2.4545,0.9945,1544.82,0.6473,564.00,6.4733,12.6141,12.0036,15.6476,42.7248
8,1000,80,64,64,83.00,763.00,0.5372,2.4545,0.9947,1548.53,0.6458,564.00,6.4578,12.5317,11.9091,15.6152,40.7742
8,1000,80,64,76,83.00,763.00,0.5372,2.4545,0.9948,1511.88,0.6614,558.00,6.6143,12.4604,11.9369,16.0877,28.8392
8,1000,80,64,89,83.00,763.00,0.5372,2.4545,0.9948,1537.02,0.6506,561.00,6.5061,12.6236,12.0215,15.8410,40.9606
8,1000,80,64,102,83.00,763.00,0.5372,2.4545,0.9948,1497.99,0.6676,559.00,6.6756,12.6837,12.1249,16.2102,40.4973
8,1000,80,64,115,83.00,763.00,0.5372,2.4545,0.9949,1466.48,0.6819,556.00,6.8191,12.8528,12.2674,16.7707,38.5176
8,1000,80,64,128,83.00,763.00,0.5372,2.4545,0.9949,1506.81,0.6637,564.00,6.6365,12.7142,12.1409,16.5612,37.9017
8,1000,80,64,160,83.00,763.00,0.5372,2.4545,0.9949,1515.13,0.6600,558.00,6.6001,12.5512,12.0243,16.6114,26.4784
8,1000,80,64,192,83.00,763.00,0.5372,2.4545,0.9949,1514.62,0.6602,556.00,6.6023,12.5730,12.0361,16.7790,25.3780
8,1000,120,1,1,97.00,758.00,0.5458,2.5327,0.3121,44260.57,0.0226,553.00,0.2259,0.2676,0.2239,0.6054,0.9495
8,1000,120,1,1,97.00,758.00,0.5458,2.5327,0.3121,44157.75,0.0226,551.00,0.2265,0.2484,0.2071,0.5692,0.8931
8,1000,120,1,1,97.00,758.00,0.5458,2.5327,0.3121,45884.82,0.0218,555.00,0.2179,0.2398,0.1996,0.5468,0.8786
8,1000,120,1,1,97.00,758.00,0.5458,2.5327,0.3121,46133.39,0.0217,550.00,0.2168,0.2374,0.1968,0.5391,0.8669
8,1000,120,1,1,97.00,758.00,0.5458,2.5327,0.3121,46748.59,0.0214,552.00,0.2139,0.2287,0.1865,0.5353,0.8316
8,1000,120,1,1,97.00,758.00,0.5458,2.5327,0.3121,47635.40,0.0210,553.00,0.2099,0.2244,0.1825,0.5099,0.8531
8,1000,120,1,1,97.00,758.00,0.5458,2.5327,0.3121,46870.61,0.0213,553.00,0.2134,0.2189,0.1817,0.4943,0.7584
8,1000,120,1,1,97.00,758.00,0.5458,2.5327,0.3121,47567.43,0.0210,551.00,0.2102,0.2192,0.1796,0.5091,0.8139
8,1000,120,1,1,97.00,758.00,0.5458,2.5327,0.3121,50054.70,0.0200,549.00,0.1998,0.2302,0.1882,0.5256,0.8439
8,1000,120,1,1,97.00,758.00,0.5458,2.5327,0.3121,48692.40,0.0205,554.00,0.2054,0.2116,0.1724,0.4832,0.8158
8,1000,120,1,1,97.00,758.00,0.5458,2.5327,0.3121,49472.57,0.0202,557.00,0.2021,0.1990,0.1600,0.4654,0.7588
8,1000,120,1,2,97.00,758.00,0.5458,2.5327,0.3596,49228.36,0.0203,556.00,0.2031,0.2275,0.1874,0.5186,0.8297
8,1000,120,1,2,97.00,758.00,0.5458,2.5327,0.3596,47657.45,0.0210,561.00,0.2098,0.2254,0.1820,0.5264,0.8463
8,1000,120,1,3,97.00,758.00,0.5458,2.5327,0.3770,48628.17,0.0206,560.00,0.2056,0.2170,0.1796,0.4756,0.7991
8,1000,120,2,1,97.00,758.00,0.5458,2.5327,0.4192,30822.99,0.0324,560.00,0.3244,0.4502,0.3958,0.9230,1.4720
8,1000,120,2,1,97.00,758.00,0.5458,2.5327,0.4192,29435.85,0.0340,556.00,0.3397,0.4424,0.3869,0.8911,1.4346
8,1000,120,2,1,97.00,758.00,0.5458,2.5327,0.4192,30969.89,0.0323,560.00,0.3229,0.4397,0.3838,0.9068,1.4542
8,1000,120,2,1,97.00,758.00,0.5458,2.5327,0.4192,31706.53,0.0315,554.00,0.3154,0.4426,0.3863,0.9147,1.4873
8,1000,120,2,1,97.00,758.00,0.5458,2.5327,0.4192,31875.06,0.0314,555.00,0.3137,0.4377,0.3784,0.9018,1.5169
8,1000,120,2,1,97.00,758.00,0.5458,2.5327,0.4192,31379.93,0.0319,555.00,0.3187,0.4308,0.3775,0.9080,1.4205
8,1000,120,2,2,97.00,758.00,0.5458,2.5327,0.4908,32418.41,0.0308,564.00,0.3085,0.4225,0.3674,0.8886,1.4380
8,1000,120,2,2,97.00,758.00,0.5458,2.5327,0.4908,30906.81,0.0324,558.00,0.3236,0.4252,0.3693,0.8774,1.5377
8,1000,120,2,2,97.00,758.00,0.5458,2.5327,0.4908,31416.27,0.0318,558.00,0.3183,0.4334,0.3709,0.9112,1.4655
8,1000,120,2,3,97.00,758.00,0.5458,2.5327,0.5191,32401.72,0.0309,561.00,0.3086,0.4191,0.3677,0.8563,1.3626
8,1000,120,2,3,97.00,758.00,0.5458,2.5327,0.5191,32205.27,0.0311,558.00,0.3105,0.4235,0.3655,0.8812,1.4017
8,1000,120,2,4,97.00,758.00,0.5458,2.5327,0.5325,32076.64,0.0312,560.00,0.3118,0.4272,0.3719,0.8687,1.4297
8,1000,120,2,5,97.00,758.00,0.5458,2.5327,0.5402,32456.50,0.0308,560.00,0.3081,0.4328,0.3748,0.9211,1.4398
8,1000,120,2,6,97.00,758.00,0.5458,2.5327,0.5456,33393.19,0.0299,566.00,0.2995,0.4290,0.3671,0.9114,1.4720
8,1000,120,4,1,97.00,758.00,0.5458,2.5327,0.5042,19445.25,0.0514,557.00,0.5143,0.8267,0.7283,1.6123,2.6446
8,1000,120,4,1,97.00,758.00,0.5458,2.5327,0.5042,18999.70,0.0526,557.00,0.5263,0.8493,0.7460,1.6593,2.7144
8,1000,120,4,1,97.00,758.00,0.5458,2.5327,0.5042,19374.58,0.0516,560.00,0.5161,0.8253,0.7345,1.5774,2.6345
8,1000,120,4,1,97.00,758.00,0.5458,2.5327,0.5042,19837.12,0.0504,557.00,0.5041,0.8353,0.7414,1.5792,2.5755
8,1000,120,4,2,97.00,758.00,0.5458,2.5327,0.6054,19004.90,0.0526,558.00,0.5262,0.8767,0.7804,1.6207,2.6185
8,1000,120,4,3,97.00,758.00,0.5458,2.5327,0.6492,19701.79,0.0508,558.00,0.5076,0.8431,0.7503,1.5958,2.6087
8,1000,120,4,4,97.00,758.00,0.5458,2.5327,0.6715,19629.62,0.0509,560.00,0.5094,0.8635,0.7658,1.6266,2.6474
8,1000,120,4,4,97.00,758.00,0.5458,2.5327,0.6715,19374.55,0.0516,559.00,0.5161,0.8608,0.7627,1.6371,2.5739
8,1000,120,4,5,97.00,758.00,0.5458,2.5327,0.6839,18428.14,0.0543,559.00,0.5426,0.8627,0.7735,1.6313,2.5414
8,1000,120,4,6,97.00,758.00,0.5458,2.5327,0.6930,19814.56,0.0505,566.00,0.5047,0.8370,0.7456,1.5549,2.4924
8,1000,120,4,7,97.00,758.00,0.5458,2.5327,0.6981,19497.33,0.0513,563.00,0.5129,0.8468,0.7540,1.5803,2.3773
8,1000,120,4,8,97.00,758.00,0.5458,2.5327,0.7016,19493.19,0.0513,561.00,0.5130,0.8380,0.7430,1.6145,2.6437
8,1000,120,4,10,97.00,758.00,0.5458,2.5327,0.7057,19228.66,0.0520,560.00,0.5201,0.8320,0.7406,1.6083,2.5068
8,1000,120,4,12,97.00,758.00,0.5458,2.5327,0.7078,19650.68,0.0509,558.00,0.5089,0.8417,0.7506,1.6115,2.4709
8,1000,120,6,1,97.00,758.00,0.5458,2.5327,0.5345,14052.72,0.0712,556.00,0.7116,1.2306,1.1024,2.2300,3.8945
8,1000,120,6,1,97.00,758.00,0.5458,2.5327,0.5345,13757.75,0.0727,566.00,0.7269,1.2209,1.1027,2.1638,3.2354
8,1000,120,6,1,97.00,758.00,0.5458,2.5327,0.5345,13936.67,0.0718,562.00,0.7175,1.2195,1.0972,2.1813,3.7173
8,1000,120,6,2,97.00,758.00,0.5458,2.5327,0.6538,13909.88,0.0719,561.00,0.7189,1.2547,1.1273,2.2673,3.2031
8,1000,120,6,3,97.00,758.00,0.5458,2.5327,0.7070,13896.33,0.0720,561.00,0.7196,1.2752,1.1439,2.2387,3.3817
8,1000,120,6,4,97.00,758.00,0.5458,2.5327,0.7360,13851.69,0.0722,561.00,0.7219,1.2312,1.0924,2.2468,3.6105
8,1000,120,6,6,97.00,758.00,0.5458,2.5327,0.7651,13897.19,0.0720,561.00,0.7196,1.2521,1.1217,2.2244,3.5756
8,1000,120,6,7,97.00,758.00,0.5458,2.5327,0.7722,13873.06,0.0721,560.00,0.7208,1.2505,1.1318,2.2073,3.2802
8,1000,120,6,8,97.00,758.00,0.5458,2.5327,0.7772,13868.55,0.0721,561.00,0.7211,1.2597,1.1253,2.2676,3.6940
8,1000,120,6,9,97.00,758.00,0.5458,2.5327,0.7807,13730.68,0.0728,561.00,0.7283,1.2553,1.1209,2.2989,3.7603
8,1000,120,6,10,97.00,758.00,0.5458,2.5327,0.7825,13893.96,0.0720,560.00,0.7197,1.2655,1.1401,2.2375,3.2306
8,1000,120,6,12,97.00,758.00,0.5458,2.5327,0.7858,14022.56,0.0713,561.00,0.7131,1.2617,1.1350,2.2030,3.5998
8,1000,120,6,15,97.00,758.00,0.5458,2.5327,0.7881,13937.68,0.0717,562.00,0.7175,1.2667,1.1415,2.2427,3.5091
8,1000,120,6,18,97.00,758.00,0.5458,2.5327,0.7887,13816.27,0.0724,566.00,0.7238,1.2535,1.1194,2.2647,3.8963
8,1000,120,8,1,97.00,758.00,0.5458,2.5327,0.5483,10780.24,0.0928,560.00,0.9276,1.6237,1.4847,2.7934,4.1693
8,1000,120,8,1,97.00,758.00,0.5458,2.5327,0.5483,10983.30,0.0910,560.00,0.9105,1.6350,1.4773,2.7893,4.7859
8,1000,120,8,2,97.00,758.00,0.5458,2.5327,0.6774,10750.15,0.0930,559.00,0.9302,1.6771,1.5192,2.8172,4.6794
8,1000,120,8,3,97.00,758.00,0.5458,2.5327,0.7379,10225.18,0.0978,560.00,0.9780,1.7205,1.5710,2.8974,4.4103
8,1000,120,8,4,97.00,758.00,0.5458,2.5327,0.7719,10473.33,0.0955,557.00,0.9548,1.6819,1.5265,2.8613,4.7472
8,1000,120,8,6,97.00,758.00,0.5458,2.5327,0.8057,10505.01,0.0952,559.00,0.9519,1.6873,1.5310,2.8855,4.6536
8,1000,120,8,8,97.00,758.00,0.5458,2.5327,0.8214,10408.24,0.0961,556.00,0.9608,1.6823,1.5263,2.8879,4.6604
8,1000,120,8,9,97.00,758.00,0.5458,2.5327,0.8258,10430.17,0.0959,560.00,0.9588,1.6444,1.4905,2.7610,4.3616
8,1000,120,8,11,97.00,758.00,0.5458,2.5327,0.8310,10723.02,0.0933,566.00,0.9326,1.6713,1.5017,2.8560,4.9164
8,1000,120,8,12,97.00,758.00,0.5458,2.5327,0.8327,10900.04,0.0917,562.00,0.9174,1.6355,1.4700,2.8559,4.7388
8,1000,120,8,14,97.00,758.00,0.5458,2.5327,0.8349,10779.03,0.0928,563.00,0.9277,1.6690,1.4955,2.9114,4.7594
8,1000,120,8,16,97.00,758.00,0.5458,2.5327,0.8364,10875.19,0.0920,560.00,0.9195,1.6496,1.4754,2.8437,5.1267
8,1000,120,8,20,97.00,758.00,0.5458,2.5327,0.8373,10763.34,0.0929,561.00,0.9291,1.6547,1.4832,2.8810,4.9967
8,1000,120,8,24,97.00,758.00,0.5458,2.5327,0.8378,10858.86,0.0921,566.00,0.9209,1.6633,1.4852,2.8412,5.0716
8,1000,120,12,1,97.00,758.00,0.5458,2.5327,0.5588,7840.83,0.1275,559.00,1.2754,2.3435,2.1455,3.7358,7.1674
8,1000,120,12,2,97.00,758.00,0.5458,2.5327,0.6992,7552.40,0.1324,561.00,1.3241,2.4442,2.2230,3.9281,7.1609
8,1000,120,12,3,97.00,758.00,0.5458,2.5327,0.7688,7526.62,0.1329,561.00,1.3286,2.4580,2.2357,3.9068,7.7358
8,1000,120,12,4,97.00,758.00,0.5458,2.5327,0.8096,7468.26,0.1339,562.00,1.3390,2.4617,2.2321,3.9429,7.3979
8,1000,120,12,6,97.00,758.00,0.5458,2.5327,0.8513,7473.30,0.1338,560.00,1.3381,2.4996,2.2716,3.9528,7.4021
8,1000,120,12,9,97.00,758.00,0.5458,2.5327,0.8767,6959.82,0.1437,566.00,1.4368,2.6445,2.4509,4.2252,6.3392
8,1000,120,12,12,97.00,758.00,0.5458,2.5327,0.8867,6947.87,0.1439,559.00,1.4393,2.5406,2.3226,4.0733,7.0797
8,1000,120,12,14,97.00,758.00,0.5458,2.5327,0.8896,7092.47,0.1410,566.00,1.4099,2.5656,2.3561,4.0871,6.8558
8,1000,120,12,16,97.00,758.00,0.5458,2.5327,0.8920,6955.30,0.1438,559.00,1.4378,2.5325,2.3182,4.0269,7.6570
8,1000,120,12,19,97.00,758.00,0.5458,2.5327,0.8934,6675.37,0.1498,559.00,1.4980,2.6066,2.3845,4.1915,7.7292
8,1000,120,12,21,97.00,758.00,0.5458,2.5327,0.8939,7175.58,0.1394,554.00,1.3936,2.5991,2.3895,4.1863,6.7849
8,1000,120,12,24,97.00,758.00,0.5458,2.5327,0.8949,7273.28,0.1375,556.00,1.3749,2.5412,2.3295,4.0867,6.8548
8,1000,120,12,30,97.00,758.00,0.5458,2.5327,0.8954,6999.15,0.1429,557.00,1.4287,2.5168,2.3049,3.9702,7.2032
8,1000,120,12,36,97.00,758.00,0.5458,2.5327,0.8957,7398.95,0.1352,558.00,1.3515,2.5065,2.2982,3.9629,5.8322
