nlist,efconstruction,nprobe,efsearch,training_memory_mb,add_memory_mb,training_time_s,total_time_s,recall,qps,mspq,search_memory_mb,search_time_s,mean_latency_ms,p50_latency_ms,p95_latency_ms,p99_latency_ms
1000,40,4,2,61.00,745.00,0.8524,3.3305,0.6978,15681.85,0.0638,586.00,0.6377,1.1075,0.9948,2.0719,3.1518
1000,40,4,2,61.00,745.00,0.8524,3.3305,0.6978,17048.29,0.0587,586.00,0.5866,0.9764,0.8795,1.7244,2.9804
1000,40,4,4,61.00,745.00,0.8524,3.3305,0.7083,18064.86,0.0554,583.00,0.5536,0.9288,0.8324,1.7121,2.8054
1000,40,4,5,61.00,745.00,0.8524,3.3305,0.7095,18203.83,0.0549,587.00,0.5493,0.8942,0.8023,1.6179,2.6046
1000,40,4,6,61.00,745.00,0.8524,3.3305,0.7103,19121.42,0.0523,586.00,0.5230,0.8851,0.7942,1.6164,2.5383
1000,40,4,8,61.00,745.00,0.8524,3.3305,0.7106,18957.76,0.0527,585.00,0.5275,0.8668,0.7776,1.6135,2.4832
1000,40,8,4,61.00,745.00,0.8524,3.3305,0.8343,10548.41,0.0948,585.00,0.9480,1.6986,1.5378,2.8908,4.8547
1000,40,8,5,61.00,745.00,0.8524,3.3305,0.8366,9671.81,0.1034,586.00,1.0339,1.7759,1.6199,2.9596,5.0800
1000,40,8,8,61.00,745.00,0.8524,3.3305,0.8389,10127.02,0.0987,584.00,0.9875,1.7441,1.5949,2.9855,4.2861
1000,40,8,10,61.00,745.00,0.8524,3.3305,0.8393,10484.68,0.0954,584.00,0.9538,1.7002,1.5444,2.8872,4.5080
1000,40,8,13,61.00,745.00,0.8524,3.3305,0.8394,10194.27,0.0981,583.00,0.9809,1.6903,1.5264,2.8967,4.7865
1000,40,8,16,61.00,745.00,0.8524,3.3305,0.8394,9765.66,0.1024,587.00,1.0240,1.7381,1.5722,2.9476,5.3659
1000,40,16,8,61.00,745.00,0.8524,3.3305,0.9279,5180.88,0.1930,583.00,1.9302,3.4233,3.2002,5.5755,8.1928
1000,40,16,11,61.00,745.00,0.8524,3.3305,0.9291,5331.10,0.1876,591.00,1.8758,3.4821,3.2471,5.4430,8.6541
1000,40,16,16,61.00,745.00,0.8524,3.3305,0.9294,5642.78,0.1772,589.00,1.7722,3.2502,3.0067,4.9702,9.0392
1000,40,16,20,61.00,745.00,0.8524,3.3305,0.9294,5796.27,0.1725,588.00,1.7252,3.2584,2.9904,4.9263,9.7604
1000,40,16,27,61.00,745.00,0.8524,3.3305,0.9295,5817.58,0.1719,582.00,1.7189,3.2395,2.9747,4.8936,9.5970
1000,40,16,32,61.00,745.00,0.8524,3.3305,0.9295,5757.31,0.1737,585.00,1.7369,3.2804,3.0052,4.9700,10.0010
1000,40,32,16,61.00,745.00,0.8524,3.3305,0.9769,3003.76,0.3329,587.00,3.3292,6.3741,5.9579,8.6661,19.4371
1000,40,32,22,61.00,745.00,0.8524,3.3305,0.9771,3029.10,0.3301,585.00,3.3013,6.3666,5.9456,8.6770,19.7893
1000,40,32,32,61.00,745.00,0.8524,3.3305,0.9772,2969.60,0.3367,583.00,3.3675,6.2957,5.9748,8.7457,12.3744
1000,40,32,41,61.00,745.00,0.8524,3.3305,0.9772,2909.52,0.3437,593.00,3.4370,6.4378,6.0550,9.0547,19.0374
1000,40,32,54,61.00,745.00,0.8524,3.3305,0.9772,2932.50,0.3410,586.00,3.4101,6.4286,6.0281,8.9513,19.0629
1000,40,32,64,61.00,745.00,0.8524,3.3305,0.9772,2911.62,0.3435,584.00,3.4345,6.4774,6.0806,9.0944,18.8200
1000,40,65,32,61.00,745.00,0.8524,3.3305,0.9952,1472.15,0.6793,586.00,6.7928,12.8881,12.3583,16.6242,38.4049
1000,40,65,45,61.00,745.00,0.8524,3.3305,0.9953,1476.99,0.6771,592.00,6.7705,12.9293,12.3625,16.8142,38.8776
1000,40,65,65,61.00,745.00,0.8524,3.3305,0.9954,1472.40,0.6792,589.00,6.7916,12.9458,12.3835,17.0910,35.3900
1000,40,65,84,61.00,745.00,0.8524,3.3305,0.9954,1473.70,0.6786,593.00,6.7856,12.9755,12.4461,16.8598,37.1454
1000,40,65,110,61.00,745.00,0.8524,3.3305,0.9955,1476.73,0.6772,593.00,6.7717,12.8843,12.3506,16.6250,38.9035
1000,40,65,130,61.00,745.00,0.8524,3.3305,0.9955,1499.70,0.6668,593.00,6.6680,12.7485,12.2104,16.4277,39.5660
1000,100,4,2,103.00,762.00,0.6582,2.8888,0.6342,15853.10,0.0631,580.00,0.6308,1.0520,0.9433,2.0117,3.1281
1000,100,4,2,103.00,762.00,0.6582,2.8888,0.6342,17403.90,0.0575,586.00,0.5746,0.9861,0.8872,1.8026,2.8395
1000,100,4,4,103.00,762.00,0.6582,2.8888,0.6848,17894.77,0.0559,586.00,0.5588,0.9372,0.8432,1.7892,2.6628
1000,100,4,5,103.00,762.00,0.6582,2.8888,0.6935,18024.77,0.0555,585.00,0.5548,0.9027,0.8045,1.6579,2.7664
1000,100,4,6,103.00,762.00,0.6582,2.8888,0.6985,18273.47,0.0547,586.00,0.5472,0.8853,0.7997,1.5962,2.7966
1000,100,4,8,103.00,762.00,0.6582,2.8888,0.7042,18570.42,0.0538,586.00,0.5385,0.8775,0.7905,1.6098,2.6394
1000,100,8,4,103.00,762.00,0.6582,2.8888,0.7927,10117.95,0.0988,587.00,0.9883,1.7574,1.5952,2.9924,4.9158
1000,100,8,5,103.00,762.00,0.6582,2.8888,0.8081,10064.88,0.0994,581.00,0.9936,1.7441,1.5953,2.9168,4.6717
1000,100,8,8,103.00,762.00,0.6582,2.8888,0.8277,10129.41,0.0987,586.00,0.9872,1.7253,1.5740,2.9541,4.7207
1000,100,8,10,103.00,762.00,0.6582,2.8888,0.8328,10020.04,0.0998,581.00,0.9980,1.7725,1.6237,2.9973,4.5878
1000,100,8,13,103.00,762.00,0.6582,2.8888,0.8362,10297.44,0.0971,580.00,0.9711,1.7535,1.6044,2.9740,4.3390
1000,100,8,16,103.00,762.00,0.6582,2.8888,0.8377,10539.07,0.0949,580.00,0.9489,1.7169,1.5591,2.9409,4.5997
1000,100,16,8,103.00,762.00,0.6582,2.8888,0.9060,5482.50,0.1824,584.00,1.8240,3.3432,3.0821,5.1405,8.8091
1000,100,16,11,103.00,762.00,0.6582,2.8888,0.9178,5512.20,0.1814,581.00,1.8142,3.3731,3.1286,5.1468,9.1487
1000,100,16,16,103.00,762.00,0.6582,2.8888,0.9250,5481.23,0.1824,580.00,1.8244,3.2547,3.0099,4.9795,9.9362
1000,100,16,20,103.00,762.00,0.6582,2.8888,0.9271,5639.31,0.1773,582.00,1.7733,3.3095,3.0547,5.0585,9.6291
1000,100,16,27,103.00,762.00,0.6582,2.8888,0.9283,5531.07,0.1808,584.00,1.8080,3.3162,3.0689,5.0583,9.4076
1000,100,16,32,103.00,762.00,0.6582,2.8888,0.9285,5258.20,0.1902,583.00,1.9018,3.4714,3.2466,5.3109,8.5184
1000,100,32,16,103.00,762.00,0.6582,2.8888,0.9699,2915.14,0.3430,593.00,3.4304,6.3677,6.0132,8.7965,18.4838
1000,100,32,22,103.00,762.00,0.6582,2.8888,0.9748,2921.82,0.3423,585.00,3.4225,6.3300,5.9984,8.6942,19.7778
1000,100,32,32,103.00,762.00,0.6582,2.8888,0.9769,2980.02,0.3356,585.00,3.3557,6.4109,6.0141,8.7807,19.2015
1000,100,32,41,103.00,762.00,0.6582,2.8888,0.9774,2928.52,0.3415,582.00,3.4147,6.3595,5.9879,8.7901,17.7137
1000,100,32,54,103.00,762.00,0.6582,2.8888,0.9775,2985.41,0.3350,585.00,3.3496,6.4116,6.0292,8.9171,18.1351
1000,100,32,64,103.00,762.00,0.6582,2.8888,0.9775,2888.44,0.3462,585.00,3.4621,6.3691,6.0053,8.7805,18.1296
1000,100,65,32,103.00,762.00,0.6582,2.8888,0.9944,1470.47,0.6801,584.00,6.8005,12.9787,12.4465,16.9764,38.9906
1000,100,65,45,103.00,762.00,0.6582,2.8888,0.9955,1495.51,0.6687,582.00,6.6867,12.5048,12.0076,16.0540,33.8328
1000,100,65,65,103.00,762.00,0.6582,2.8888,0.9957,1493.20,0.6697,592.00,6.6970,12.7539,12.1922,16.3134,40.2909
1000,100,65,84,103.00,762.00,0.6582,2.8888,0.9957,1477.31,0.6769,590.00,6.7691,12.8403,12.2761,16.7744,39.1555
1000,100,65,110,103.00,762.00,0.6582,2.8888,0.9957,1446.12,0.6915,593.00,6.9150,12.7183,12.1486,16.4758,42.7816
1000,100,65,130,103.00,762.00,0.6582,2.8888,0.9957,1432.37,0.6981,586.00,6.9814,12.9211,12.3351,16.7009,44.3742
1000,150,4,2,86.00,760.00,0.6450,2.9186,0.6345,15746.63,0.0635,583.00,0.6351,1.1113,1.0025,2.0477,3.2080
1000,150,4,2,86.00,760.00,0.6450,2.9186,0.6345,16964.89,0.0589,585.00,0.5895,0.9978,0.9003,1.8124,2.9067
1000,150,4,4,86.00,760.00,0.6450,2.9186,0.6854,17984.36,0.0556,593.00,0.5560,0.9269,0.8306,1.7298,2.7488
1000,150,4,5,86.00,760.00,0.6450,2.9186,0.6945,18540.55,0.0539,586.00,0.5394,0.9021,0.7994,1.6951,2.6893
1000,150,4,6,86.00,760.00,0.6450,2.9186,0.7009,18759.80,0.0533,586.00,0.5331,0.8929,0.7922,1.7209,2.6721
1000,150,4,8,86.00,760.00,0.6450,2.9186,0.7061,18961.49,0.0527,586.00,0.5274,0.8743,0.7742,1.6556,2.6515
1000,150,8,4,86.00,760.00,0.6450,2.9186,0.7927,10434.04,0.0958,585.00,0.9584,1.7059,1.5428,2.9279,4.8766
1000,150,8,5,86.00,760.00,0.6450,2.9186,0.8068,10534.15,0.0949,587.00,0.9493,1.6847,1.5213,2.8781,4.9587
1000,150,8,8,86.00,760.00,0.6450,2.9186,0.8274,10677.49,0.0937,586.00,0.9365,1.6601,1.5118,2.8131,4.3140
1000,150,8,10,86.00,760.00,0.6450,2.9186,0.8327,10744.04,0.0931,586.00,0.9307,1.6730,1.5136,2.8499,4.8055
1000,150,8,13,86.00,760.00,0.6450,2.9186,0.8355,10632.87,0.0940,586.00,0.9405,1.6999,1.5346,2.9022,4.7477
1000,150,8,16,86.00,760.00,0.6450,2.9186,0.8367,9927.59,0.1007,584.00,1.0073,1.7855,1.6497,2.9497,4.4773
1000,150,16,8,86.00,760.00,0.6450,2.9186,0.9074,5671.05,0.1763,584.00,1.7633,3.2843,3.0238,4.9946,9.4287
1000,150,16,11,86.00,760.00,0.6450,2.9186,0.9195,5535.75,0.1806,582.00,1.8064,3.2422,3.0055,4.9190,9.8034
1000,150,16,16,86.00,760.00,0.6450,2.9186,0.9254,5663.52,0.1766,584.00,1.7657,3.3108,3.0457,5.0314,9.6510
1000,150,16,20,86.00,760.00,0.6450,2.9186,0.9274,5672.89,0.1763,585.00,1.7628,3.2846,3.0216,5.0071,9.1716
1000,150,16,27,86.00,760.00,0.6450,2.9186,0.9284,5378.85,0.1859,586.00,1.8591,3.4383,3.1982,5.2747,8.4375
1000,150,16,32,86.00,760.00,0.6450,2.9186,0.9286,5502.32,0.1817,582.00,1.8174,3.3471,3.0931,5.2272,8.7940
1000,150,32,16,86.00,760.00,0.6450,2.9186,0.9700,2873.44,0.3480,586.00,3.4802,6.5108,6.1447,9.1497,18.4870
1000,150,32,22,86.00,760.00,0.6450,2.9186,0.9748,2762.44,0.3620,587.00,3.6200,6.7587,6.3719,9.7157,16.9361
1000,150,32,32,86.00,760.00,0.6450,2.9186,0.9767,2946.50,0.3394,584.00,3.3939,6.3544,5.9774,8.8359,17.7041
1000,150,32,41,86.00,760.00,0.6450,2.9186,0.9771,2886.30,0.3465,584.00,3.4646,6.3412,5.9772,8.7828,20.1932
1000,150,32,54,86.00,760.00,0.6450,2.9186,0.9772,2903.35,0.3444,586.00,3.4443,6.3704,6.0102,8.7922,19.2551
1000,150,32,64,86.00,760.00,0.6450,2.9186,0.9772,2984.50,0.3351,586.00,3.3506,6.4160,6.0154,8.8346,18.9437
1000,150,65,32,86.00,760.00,0.6450,2.9186,0.9942,1503.62,0.6651,590.00,6.6506,12.7626,12.2082,16.4293,39.5505
1000,150,65,45,86.00,760.00,0.6450,2.9186,0.9952,1486.58,0.6727,593.00,6.7268,12.9258,12.4281,16.9067,38.3969
1000,150,65,65,86.00,760.00,0.6450,2.9186,0.9955,1522.01,0.6570,593.00,6.5703,12.5449,12.0413,16.9093,23.9899
1000,150,65,84,86.00,760.00,0.6450,2.9186,0.9955,1504.24,0.6648,584.00,6.6479,12.7660,12.1885,16.2919,39.2701
1000,150,65,110,86.00,760.00,0.6450,2.9186,0.9955,1517.31,0.6591,584.00,6.5906,12.7107,12.1299,16.0024,40.4675
1000,150,65,130,86.00,760.00,0.6450,2.9186,0.9955,1482.17,0.6747,586.00,6.7469,12.5923,12.0743,16.0670,42.7709
1000,200,4,2,100.00,765.00,0.6656,3.0150,0.6277,15859.72,0.0631,583.00,0.6305,1.1094,0.9989,1.9731,3.2372
1000,200,4,2,100.00,765.00,0.6656,3.0150,0.6277,16962.14,0.0590,585.00,0.5895,1.0109,0.9072,1.8345,2.8744
1000,200,4,4,100.00,765.00,0.6656,3.0150,0.6817,17714.18,0.0565,585.00,0.5645,0.9563,0.8596,1.7449,2.7140
1000,200,4,5,100.00,765.00,0.6656,3.0150,0.6911,17836.44,0.0561,587.00,0.5606,0.9123,0.8121,1.7000,2.8133
1000,200,4,6,100.00,765.00,0.6656,3.0150,0.6975,18043.98,0.0554,586.00,0.5542,0.9013,0.8152,1.6230,2.4852
1000,200,4,8,100.00,765.00,0.6656,3.0150,0.7051,18223.17,0.0549,584.00,0.5488,0.9162,0.8209,1.6863,2.5967
1000,200,8,4,100.00,765.00,0.6656,3.0150,0.7893,9888.06,0.1011,583.00,1.0113,1.7790,1.6360,2.9806,4.6330
1000,200,8,5,100.00,765.00,0.6656,3.0150,0.8050,10146.41,0.0986,583.00,0.9856,1.7461,1.5918,2.9431,4.7431
1000,200,8,8,100.00,765.00,0.6656,3.0150,0.8281,10351.16,0.0966,585.00,0.9661,1.7036,1.5483,2.9160,4.6841
1000,200,8,10,100.00,765.00,0.6656,3.0150,0.8328,10018.91,0.0998,586.00,0.9981,1.7351,1.5737,2.9789,4.7478
1000,200,8,13,100.00,765.00,0.6656,3.0150,0.8365,10063.58,0.0994,586.00,0.9937,1.7532,1.6047,2.9399,4.6667
1000,200,8,16,100.00,765.00,0.6656,3.0150,0.8377,10165.26,0.0984,588.00,0.9837,1.7554,1.6041,2.9782,4.5531
1000,200,16,8,100.00,765.00,0.6656,3.0150,0.9073,5437.42,0.1839,586.00,1.8391,3.3136,3.0523,5.0998,9.1732
1000,200,16,11,100.00,765.00,0.6656,3.0150,0.9189,5567.61,0.1796,584.00,1.7961,3.3211,3.0646,5.0210,8.7544
1000,200,16,16,100.00,765.00,0.6656,3.0150,0.9258,5409.46,0.1849,589.00,1.8486,3.3123,3.0741,5.0239,9.6230
1000,200,16,20,100.00,765.00,0.6656,3.0150,0.9277,5427.65,0.1842,589.00,1.8424,3.3649,3.1184,5.1926,9.0489
1000,200,16,27,100.00,765.00,0.6656,3.0150,0.9284,5353.71,0.1868,586.00,1.8679,3.3463,3.0798,5.1160,10.6500
1000,200,16,32,100.00,765.00,0.6656,3.0150,0.9287,5463.24,0.1830,580.00,1.8304,3.3780,3.1216,5.1775,9.3325
1000,200,32,16,100.00,765.00,0.6656,3.0150,0.9706,2834.01,0.3529,591.00,3.5286,6.4661,6.0619,8.9506,21.5630
1000,200,32,22,100.00,765.00,0.6656,3.0150,0.9747,2884.46,0.3467,589.00,3.4668,6.5498,6.1652,9.1591,19.0295
1000,200,32,32,100.00,765.00,0.6656,3.0150,0.9766,2899.48,0.3449,593.00,3.4489,6.5424,6.1849,9.2080,17.5880
1000,200,32,41,100.00,765.00,0.6656,3.0150,0.9769,2879.82,0.3472,590.00,3.4724,6.4282,6.0524,9.0538,18.0911
1000,200,32,54,100.00,765.00,0.6656,3.0150,0.9771,2888.86,0.3462,581.00,3.4616,6.5548,6.1784,9.1753,18.5493
1000,200,32,64,100.00,765.00,0.6656,3.0150,0.9771,2845.09,0.3515,593.00,3.5148,6.6505,6.3056,9.3011,17.3254
1000,200,65,32,100.00,765.00,0.6656,3.0150,0.9942,1438.24,0.6953,587.00,6.9530,12.8603,12.2801,16.5854,43.4438
1000,200,65,45,100.00,765.00,0.6656,3.0150,0.9951,1451.39,0.6890,593.00,6.8900,12.8214,12.2889,16.6887,40.9576
1000,200,65,65,100.00,765.00,0.6656,3.0150,0.9956,1505.78,0.6641,586.00,6.6411,12.7263,12.1273,16.0285,40.7001
1000,200,65,84,100.00,765.00,0.6656,3.0150,0.9956,1520.57,0.6576,585.00,6.5765,12.7944,12.2215,16.0535,39.4150
1000,200,65,110,100.00,765.00,0.6656,3.0150,0.9956,1472.98,0.6789,593.00,6.7890,12.9388,12.3514,16.6805,38.6803
1000,200,65,130,100.00,765.00,0.6656,3.0150,0.9956,1435.44,0.6967,582.00,6.9665,12.8958,12.3634,16.6995,44.2828
1953,40,7,3,85.00,755.00,1.0078,3.6099,0.7492,16300.41,0.0613,583.00,0.6135,1.0376,0.9466,1.8130,3.1881
1953,40,7,4,85.00,755.00,1.0078,3.6099,0.7553,18238.46,0.0548,584.00,0.5483,0.9348,0.8501,1.6601,2.6629
1953,40,7,7,85.00,755.00,1.0078,3.6099,0.7620,18776.42,0.0533,582.00,0.5326,0.8812,0.8008,1.5889,2.4582
1953,40,7,9,85.00,755.00,1.0078,3.6099,0.7632,18524.54,0.0540,583.00,0.5398,0.8657,0.7846,1.5606,2.5178
1953,40,7,11,85.00,755.00,1.0078,3.6099,0.7638,18899.95,0.0529,582.00,0.5291,0.8619,0.7832,1.5480,2.3216
1953,40,7,14,85.00,755.00,1.0078,3.6099,0.7640,19347.49,0.0517,585.00,0.5169,0.8585,0.7784,1.5623,2.3515
1953,40,15,7,85.00,755.00,1.0078,3.6099,0.8761,9703.94,0.1031,583.00,1.0305,1.8367,1.7041,3.0142,4.2724
1953,40,15,10,85.00,755.00,1.0078,3.6099,0.8791,9392.78,0.1065,583.00,1.0646,1.8308,1.7013,3.0827,4.4539
1953,40,15,15,85.00,755.00,1.0078,3.6099,0.8803,9282.70,0.1077,581.00,1.0773,1.7907,1.6387,3.0599,5.1484
1953,40,15,19,85.00,755.00,1.0078,3.6099,0.8807,9976.44,0.1002,582.00,1.0024,1.7682,1.6385,2.9127,4.3512
1953,40,15,25,85.00,755.00,1.0078,3.6099,0.8809,9942.03,0.1006,583.00,1.0058,1.7491,1.5994,2.8608,5.2168
1953,40,15,30,85.00,755.00,1.0078,3.6099,0.8810,9796.45,0.1021,582.00,1.0208,1.7576,1.6129,2.8842,4.9675
1953,40,31,15,85.00,755.00,1.0078,3.6099,0.9498,5304.93,0.1885,581.00,1.8850,3.4817,3.2646,5.1742,9.1837
1953,40,31,21,85.00,755.00,1.0078,3.6099,0.9509,5352.94,0.1868,582.00,1.8681,3.3791,3.1466,4.9864,10.6376
1953,40,31,31,85.00,755.00,1.0078,3.6099,0.9513,5356.24,0.1867,582.00,1.8670,3.4605,3.2269,5.2085,9.3935
1953,40,31,40,85.00,755.00,1.0078,3.6099,0.9516,5319.30,0.1880,582.00,1.8799,3.4712,3.2435,5.2310,8.6434
1953,40,31,52,85.00,755.00,1.0078,3.6099,0.9516,5357.93,0.1866,580.00,1.8664,3.4969,3.2850,5.1538,8.8945
1953,40,31,62,85.00,755.00,1.0078,3.6099,0.9516,5294.91,0.1889,587.00,1.8886,3.5149,3.2922,5.2861,8.9094
1953,40,63,31,85.00,755.00,1.0078,3.6099,0.9846,2688.79,0.3719,589.00,3.7191,6.8039,6.4635,9.2367,21.1194
1953,40,63,44,85.00,755.00,1.0078,3.6099,0.9849,2745.71,0.3642,593.00,3.6420,6.8810,6.5490,9.5893,18.3706
1953,40,63,63,85.00,755.00,1.0078,3.6099,0.9851,2736.71,0.3654,583.00,3.6540,6.7478,6.3779,9.2807,20.7666
1953,40,63,81,85.00,755.00,1.0078,3.6099,0.9851,2738.74,0.3651,584.00,3.6513,6.7318,6.3899,9.2094,20.7405
1953,40,63,107,85.00,755.00,1.0078,3.6099,0.9851,2730.57,0.3662,580.00,3.6622,6.9220,6.6030,9.6085,18.0728
1953,40,63,126,85.00,755.00,1.0078,3.6099,0.9851,2671.13,0.3744,582.00,3.7437,6.8810,6.5258,9.4857,20.9720
1953,40,127,63,85.00,755.00,1.0078,3.6099,0.9968,1392.75,0.7180,585.00,7.1801,13.2919,12.7665,17.1684,41.2049
1953,40,127,88,85.00,755.00,1.0078,3.6099,0.9969,1460.49,0.6847,581.00,6.8470,12.9851,12.5435,16.4279,39.6017
1953,40,127,127,85.00,755.00,1.0078,3.6099,0.9969,1415.11,0.7067,588.00,7.0666,13.2019,12.7729,17.0459,38.9703
1953,40,127,165,85.00,755.00,1.0078,3.6099,0.9969,1415.62,0.7064,594.00,7.0640,13.2127,12.7530,17.1479,40.2185
1953,40,127,215,85.00,755.00,1.0078,3.6099,0.9970,1443.79,0.6926,594.00,6.9262,13.0787,12.6006,16.5806,40.8031
1953,40,127,254,85.00,755.00,1.0078,3.6099,0.9970,1441.39,0.6938,595.00,6.9378,13.1015,12.7231,16.5717,39.9186
1953,100,7,3,100.00,754.00,0.8373,3.2119,0.6999,16790.17,0.0596,587.00,0.5956,1.0193,0.9186,1.8631,2.9389
1953,100,7,4,100.00,754.00,0.8373,3.2119,0.7242,18001.33,0.0556,586.00,0.5555,0.9338,0.8475,1.6493,2.5210
1953,100,7,7,100.00,754.00,0.8373,3.2119,0.7510,18480.02,0.0541,586.00,0.5411,0.9006,0.8208,1.6013,2.5245
1953,100,7,9,100.00,754.00,0.8373,3.2119,0.7572,19389.11,0.0516,586.00,0.5158,0.8699,0.7905,1.5363,2.4338
1953,100,7,11,100.00,754.00,0.8373,3.2119,0.7602,19522.98,0.0512,588.00,0.5122,0.8635,0.7783,1.5378,2.3766
1953,100,7,14,100.00,754.00,0.8373,3.2119,0.7627,20071.99,0.0498,587.00,0.4982,0.8238,0.7413,1.5569,2.4916
1953,100,15,7,100.00,754.00,0.8373,3.2119,0.8528,10531.24,0.0950,588.00,0.9496,1.7498,1.5837,2.8946,4.9592
1953,100,15,10,100.00,754.00,0.8373,3.2119,0.8682,10604.95,0.0943,585.00,0.9430,1.7023,1.5520,2.8302,4.9383
1953,100,15,15,100.00,754.00,0.8373,3.2119,0.8777,10703.56,0.0934,595.00,0.9343,1.7018,1.5462,2.8151,4.8942
1953,100,15,19,100.00,754.00,0.8373,3.2119,0.8803,10691.43,0.0935,585.00,0.9353,1.6827,1.5291,2.8366,4.7833
1953,100,15,25,100.00,754.00,0.8373,3.2119,0.8820,10675.65,0.0937,587.00,0.9367,1.7000,1.5445,2.8533,4.7633
1953,100,15,30,100.00,754.00,0.8373,3.2119,0.8823,10738.25,0.0931,586.00,0.9313,1.6922,1.5454,2.8111,4.7820
1953,100,31,15,100.00,754.00,0.8373,3.2119,0.9409,5529.55,0.1808,591.00,1.8085,3.4366,3.1792,5.1281,9.4727
1953,100,31,21,100.00,754.00,0.8373,3.2119,0.9473,5454.55,0.1833,587.00,1.8333,3.4503,3.1939,5.1270,9.3883
1953,100,31,31,100.00,754.00,0.8373,3.2119,0.9509,5426.37,0.1843,588.00,1.8429,3.4051,3.1793,5.0621,8.1149
1953,100,31,40,100.00,754.00,0.8373,3.2119,0.9516,5516.52,0.1813,588.00,1.8127,3.4380,3.1756,5.1191,9.6183
1953,100,31,52,100.00,754.00,0.8373,3.2119,0.9519,5581.62,0.1792,589.00,1.7916,3.4140,3.1611,5.0212,9.7244
1953,100,31,62,100.00,754.00,0.8373,3.2119,0.9521,5545.48,0.1803,583.00,1.8033,3.4034,3.1519,5.0809,9.5939
1953,100,63,31,100.00,754.00,0.8373,3.2119,0.9832,2880.84,0.3471,585.00,3.4712,6.7118,6.3252,8.9792,19.6763
1953,100,63,44,100.00,754.00,0.8373,3.2119,0.9852,2875.83,0.3477,586.00,3.4773,6.7441,6.3544,9.0490,19.3311
1953,100,63,63,100.00,754.00,0.8373,3.2119,0.9859,2889.37,0.3461,588.00,3.4610,6.7096,6.3357,8.9802,19.1149
1953,100,63,81,100.00,754.00,0.8373,3.2119,0.9860,2860.04,0.3496,585.00,3.4965,6.7673,6.3779,8.9947,20.2968
1953,100,63,107,100.00,754.00,0.8373,3.2119,0.9860,2811.29,0.3557,584.00,3.5571,6.7004,6.4024,9.0948,13.1667
1953,100,63,126,100.00,754.00,0.8373,3.2119,0.9860,2816.80,0.3550,584.00,3.5501,6.6939,6.3840,9.1176,14.0758
1953,100,127,63,100.00,754.00,0.8373,3.2119,0.9968,1459.81,0.6850,583.00,6.8502,13.1536,12.6084,16.2906,38.2027
1953,100,127,88,100.00,754.00,0.8373,3.2119,0.9972,1473.09,0.6788,583.00,6.7885,13.2019,12.6580,16.5337,39.1886
1953,100,127,127,100.00,754.00,0.8373,3.2119,0.9973,1470.72,0.6799,583.00,6.7994,13.2134,12.6661,16.6518,38.6927
1953,100,127,165,100.00,754.00,0.8373,3.2119,0.9973,1479.06,0.6761,582.00,6.7611,13.1397,12.6131,16.1924,37.5769
1953,100,127,215,100.00,754.00,0.8373,3.2119,0.9973,1471.05,0.6798,588.00,6.7979,13.2368,12.6931,16.5106,37.2103
1953,100,127,254,100.00,754.00,0.8373,3.2119,0.9973,1467.10,0.6816,586.00,6.8162,13.2582,12.7208,16.4222,38.3567
1953,150,7,3,90.00,749.00,0.8460,3.2689,0.7014,16467.15,0.0607,587.00,0.6073,1.0438,0.9467,1.8477,3.0910
1953,150,7,4,90.00,749.00,0.8460,3.2689,0.7237,18102.68,0.0552,589.00,0.5524,0.9377,0.8526,1.6791,2.5659
1953,150,7,7,90.00,749.00,0.8460,3.2689,0.7510,18827.85,0.0531,589.00,0.5311,0.8894,0.8057,1.5956,2.5298
1953,150,7,9,90.00,749.00,0.8460,3.2689,0.7571,19913.19,0.0502,588.00,0.5022,0.8397,0.7641,1.4932,2.1722
1953,150,7,11,90.00,749.00,0.8460,3.2689,0.7597,19648.69,0.0509,587.00,0.5089,0.8519,0.7764,1.5153,2.2637
1953,150,7,14,90.00,749.00,0.8460,3.2689,0.7618,19451.88,0.0514,589.00,0.5141,0.8374,0.7537,1.5282,2.4158
1953,150,15,7,90.00,749.00,0.8460,3.2689,0.8529,10124.82,0.0988,585.00,0.9877,1.7393,1.5867,2.8419,4.9263
1953,150,15,10,90.00,749.00,0.8460,3.2689,0.8693,10304.07,0.0970,584.00,0.9705,1.7164,1.5714,2.8749,4.5795
1953,150,15,15,90.00,749.00,0.8460,3.2689,0.8773,10667.81,0.0937,585.00,0.9374,1.7058,1.5642,2.8026,4.5413
1953,150,15,19,90.00,749.00,0.8460,3.2689,0.8794,10609.46,0.0943,588.00,0.9426,1.7013,1.5561,2.8010,4.5954
1953,150,15,25,90.00,749.00,0.8460,3.2689,0.8810,10211.29,0.0979,588.00,0.9793,1.7303,1.5857,2.8449,4.4814
1953,150,15,30,90.00,749.00,0.8460,3.2689,0.8811,10370.70,0.0964,582.00,0.9643,1.7345,1.6005,2.8180,4.4997
1953,150,31,15,90.00,749.00,0.8460,3.2689,0.9420,5244.22,0.1907,583.00,1.9069,3.4329,3.1938,5.1225,10.1036
1953,150,31,21,90.00,749.00,0.8460,3.2689,0.9485,5424.39,0.1844,595.00,1.8435,3.3788,3.1581,4.9725,9.7564
1953,150,31,31,90.00,749.00,0.8460,3.2689,0.9514,5430.61,0.1841,587.00,1.8414,3.4462,3.2249,5.1097,9.1297
1953,150,31,40,90.00,749.00,0.8460,3.2689,0.9521,5347.93,0.1870,586.00,1.8699,3.3996,3.1822,5.0600,9.8070
1953,150,31,52,90.00,749.00,0.8460,3.2689,0.9523,5173.39,0.1933,593.00,1.9330,3.5461,3.3530,5.5331,8.3872
1953,150,31,62,90.00,749.00,0.8460,3.2689,0.9524,5283.95,0.1893,584.00,1.8925,3.4077,3.1844,5.0237,10.0519
1953,150,63,31,90.00,749.00,0.8460,3.2689,0.9835,2741.52,0.3648,595.00,3.6476,6.8892,6.5545,9.3817,19.6369
1953,150,63,44,90.00,749.00,0.8460,3.2689,0.9852,2739.04,0.3651,587.00,3.6509,6.8918,6.5577,9.5901,18.5022
1953,150,63,63,90.00,749.00,0.8460,3.2689,0.9859,2740.60,0.3649,583.00,3.6488,6.7945,6.4538,9.2723,18.6506
1953,150,63,81,90.00,749.00,0.8460,3.2689,0.9860,2742.48,0.3646,586.00,3.6463,6.9104,6.5666,9.4943,19.1279
1953,150,63,107,90.00,749.00,0.8460,3.2689,0.9861,2707.53,0.3693,588.00,3.6934,6.9415,6.6013,9.6144,18.3899
1953,150,63,126,90.00,749.00,0.8460,3.2689,0.9861,2670.70,0.3744,590.00,3.7443,6.8350,6.5041,9.3825,20.8728
1953,150,127,63,90.00,749.00,0.8460,3.2689,0.9968,1444.93,0.6921,591.00,6.9208,13.3467,12.8001,17.2383,39.3387
1953,150,127,88,90.00,749.00,0.8460,3.2689,0.9971,1422.50,0.7030,590.00,7.0299,13.1034,12.6455,16.6999,41.1785
1953,150,127,127,90.00,749.00,0.8460,3.2689,0.9972,1441.87,0.6935,595.00,6.9354,13.0522,12.6360,16.6205,41.2936
1953,150,127,165,90.00,749.00,0.8460,3.2689,0.9972,1467.11,0.6816,583.00,6.8161,13.2320,12.6994,16.5921,39.0148
1953,150,127,215,90.00,749.00,0.8460,3.2689,0.9972,1460.19,0.6848,589.00,6.8484,13.2670,12.7424,16.6551,38.2798
1953,150,127,254,90.00,749.00,0.8460,3.2689,0.9972,1416.39,0.7060,593.00,7.0602,13.2700,12.8155,17.2158,36.1071
1953,200,7,3,127.00,752.00,0.8988,3.2613,0.7019,16085.97,0.0622,587.00,0.6217,1.0645,0.9687,1.9035,3.1178
1953,200,7,4,127.00,752.00,0.8988,3.2613,0.7236,17730.39,0.0564,586.00,0.5640,0.9625,0.8709,1.7432,2.5979
1953,200,7,7,127.00,752.00,0.8988,3.2613,0.7510,18338.74,0.0545,585.00,0.5453,0.9257,0.8437,1.6413,2.4509
1953,200,7,9,127.00,752.00,0.8988,3.2613,0.7574,18863.20,0.0530,589.00,0.5301,0.8846,0.8039,1.5903,2.3732
1953,200,7,11,127.00,752.00,0.8988,3.2613,0.7605,18519.60,0.0540,586.00,0.5400,0.8783,0.7962,1.5877,2.4627
1953,200,7,14,127.00,752.00,0.8988,3.2613,0.7631,18415.32,0.0543,588.00,0.5430,0.8609,0.7729,1.5456,2.6660
1953,200,15,7,127.00,752.00,0.8988,3.2613,0.8534,9892.24,0.1011,586.00,1.0109,1.8158,1.6703,2.9868,4.5893
1953,200,15,10,127.00,752.00,0.8988,3.2613,0.8691,10188.80,0.0981,586.00,0.9815,1.7460,1.6009,2.9223,4.5400
1953,200,15,15,127.00,752.00,0.8988,3.2613,0.8784,10312.06,0.0970,586.00,0.9697,1.7423,1.6015,2.8524,4.6386
1953,200,15,19,127.00,752.00,0.8988,3.2613,0.8807,10024.15,0.0998,585.00,0.9976,1.7991,1.6568,2.9545,4.6964
1953,200,15,25,127.00,752.00,0.8988,3.2613,0.8820,10078.38,0.0992,587.00,0.9922,1.7429,1.5891,2.8458,4.8983
1953,200,15,30,127.00,752.00,0.8988,3.2613,0.8826,10517.41,0.0951,587.00,0.9508,1.7274,1.5814,2.8487,4.6558
1953,200,31,15,127.00,752.00,0.8988,3.2613,0.9414,5295.82,0.1888,582.00,1.8883,3.4542,3.2270,5.0997,9.8438
1953,200,31,21,127.00,752.00,0.8988,3.2613,0.9480,5356.50,0.1867,595.00,1.8669,3.4801,3.2396,5.2021,9.6019
1953,200,31,31,127.00,752.00,0.8988,3.2613,0.9510,5215.83,0.1917,589.00,1.9172,3.4440,3.2158,5.0944,9.5601
1953,200,31,40,127.00,752.00,0.8988,3.2613,0.9516,5267.31,0.1899,588.00,1.8985,3.4575,3.2288,5.1378,10.6853
1953,200,31,52,127.00,752.00,0.8988,3.2613,0.9519,5243.07,0.1907,585.00,1.9073,3.4443,3.2233,5.1174,9.7940
1953,200,31,62,127.00,752.00,0.8988,3.2613,0.9520,5429.58,0.1842,591.00,1.8418,3.4961,3.2369,5.2113,9.4060
1953,200,63,31,127.00,752.00,0.8988,3.2613,0.9829,2826.50,0.3538,587.00,3.5379,6.8477,6.4503,9.1629,19.8357
1953,200,63,44,127.00,752.00,0.8988,3.2613,0.9848,2791.94,0.3582,592.00,3.5817,6.8750,6.4855,9.2723,19.5193
1953,200,63,63,127.00,752.00,0.8988,3.2613,0.9855,2738.39,0.3652,595.00,3.6518,6.8003,6.4847,9.2372,19.4275
1953,200,63,81,127.00,752.00,0.8988,3.2613,0.9856,2746.45,0.3641,593.00,3.6411,6.8362,6.4880,9.3582,18.7382
1953,200,63,107,127.00,752.00,0.8988,3.2613,0.9857,2724.72,0.3670,586.00,3.6701,6.9822,6.6065,9.5263,19.8282
1953,200,63,126,127.00,752.00,0.8988,3.2613,0.9857,2723.78,0.3671,586.00,3.6714,6.8474,6.5138,9.1590,21.4458
1953,200,127,63,127.00,752.00,0.8988,3.2613,0.9968,1407.95,0.7103,580.00,7.1025,13.2734,12.8199,16.6476,43.9840
1953,200,127,88,127.00,752.00,0.8988,3.2613,0.9971,1447.00,0.6911,584.00,6.9109,13.4284,12.8908,16.5564,39.7153
1953,200,127,127,127.00,752.00,0.8988,3.2613,0.9973,1449.63,0.6898,595.00,6.8983,13.4330,12.8914,16.6916,39.3546
1953,200,127,165,127.00,752.00,0.8988,3.2613,0.9973,1422.17,0.7032,595.00,7.0315,13.3145,12.8220,17.1083,35.9294
1953,200,127,215,127.00,752.00,0.8988,3.2613,0.9973,1417.13,0.7057,582.00,7.0565,13.3392,12.8871,17.0189,39.6979
1953,200,127,254,127.00,752.00,0.8988,3.2613,0.9973,1420.06,0.7042,585.00,7.0420,13.3454,12.9175,16.8201,42.4061
3906,40,15,7,113.00,744.00,1.3302,4.1732,0.8271,14328.60,0.0698,585.00,0.6979,1.2119,1.1015,2.1528,3.2913
3906,40,15,10,113.00,744.00,1.3302,4.1732,0.8312,15357.52,0.0651,586.00,0.6511,1.1118,1.0042,1.9649,3.0264
3906,40,15,15,113.00,744.00,1.3302,4.1732,0.8327,15417.38,0.0649,589.00,0.6486,1.0342,0.9376,1.8782,2.8655
3906,40,15,19,113.00,744.00,1.3302,4.1732,0.8332,15592.85,0.0641,586.00,0.6413,1.0329,0.9300,1.8929,2.8540
3906,40,15,25,113.00,744.00,1.3302,4.1732,0.8334,16157.65,0.0619,584.00,0.6189,1.0329,0.9189,1.9004,3.0550
3906,40,15,30,113.00,744.00,1.3302,4.1732,0.8335,16048.32,0.0623,587.00,0.6231,1.0103,0.9054,1.8431,2.8608
3906,40,31,15,113.00,744.00,1.3302,4.1732,0.9176,8795.47,0.1137,588.00,1.1369,2.0493,1.8794,3.3601,4.9502
3906,40,31,21,113.00,744.00,1.3302,4.1732,0.9194,8465.38,0.1181,585.00,1.1813,2.0662,1.9097,3.4490,4.8733
3906,40,31,31,113.00,744.00,1.3302,4.1732,0.9201,8823.54,0.1133,588.00,1.1333,1.9532,1.7807,3.2364,5.3432
3906,40,31,40,113.00,744.00,1.3302,4.1732,0.9204,8958.66,0.1116,589.00,1.1162,1.9409,1.7678,3.2369,5.2677
3906,40,31,52,113.00,744.00,1.3302,4.1732,0.9204,8784.79,0.1138,587.00,1.1383,1.9567,1.7887,3.1886,5.2687
3906,40,31,62,113.00,744.00,1.3302,4.1732,0.9205,8766.05,0.1141,587.00,1.1408,1.9623,1.7922,3.2335,5.2897
3906,40,63,31,113.00,744.00,1.3302,4.1732,0.9694,4638.50,0.2156,582.00,2.1559,3.8080,3.5329,5.8293,10.8064
3906,40,63,44,113.00,744.00,1.3302,4.1732,0.9699,4612.21,0.2168,592.00,2.1682,3.8663,3.5920,5.9159,10.2761
3906,40,63,63,113.00,744.00,1.3302,4.1732,0.9701,4473.39,0.2235,594.00,2.2354,3.9388,3.6637,6.0699,10.7052
3906,40,63,81,113.00,744.00,1.3302,4.1732,0.9701,4407.14,0.2269,587.00,2.2690,3.9824,3.7093,6.2545,10.4479
3906,40,63,107,113.00,744.00,1.3302,4.1732,0.9701,4418.12,0.2263,587.00,2.2634,4.0086,3.7245,6.1865,10.2829
3906,40,63,126,113.00,744.00,1.3302,4.1732,0.9701,4341.51,0.2303,585.00,2.3033,3.9674,3.7743,6.5313,8.7371
3906,40,127,63,113.00,744.00,1.3302,4.1732,0.9917,2404.09,0.4160,583.00,4.1596,7.5784,7.2469,11.2274,16.1286
3906,40,127,88,113.00,744.00,1.3302,4.1732,0.9917,2393.49,0.4178,584.00,4.1780,7.5776,7.1425,10.7792,20.0897
3906,40,127,127,113.00,744.00,1.3302,4.1732,0.9917,2372.77,0.4214,586.00,4.2145,7.5750,7.1352,10.8876,20.5443
3906,40,127,165,113.00,744.00,1.3302,4.1732,0.9917,2459.75,0.4065,586.00,4.0655,7.4210,7.0256,10.3055,19.8295
3906,40,127,215,113.00,744.00,1.3302,4.1732,0.9917,2423.96,0.4125,583.00,4.1255,7.5534,7.1356,10.6716,19.9760
3906,40,127,254,113.00,744.00,1.3302,4.1732,0.9917,2400.15,0.4166,592.00,4.1664,7.6642,7.2925,11.0358,17.2827
3906,40,255,127,113.00,744.00,1.3302,4.1732,0.9980,1241.23,0.8057,603.00,8.0566,14.8019,14.1353,19.3387,37.8224
3906,40,255,178,113.00,744.00,1.3302,4.1732,0.9980,1248.64,0.8009,605.00,8.0087,14.6268,14.1918,21.1085,29.8958
3906,40,255,255,113.00,744.00,1.3302,4.1732,0.9981,1239.61,0.8067,604.00,8.0670,14.8684,14.2289,19.2741,39.3719
3906,40,255,331,113.00,744.00,1.3302,4.1732,0.9981,1256.08,0.7961,608.00,7.9613,14.5966,14.0115,19.2915,41.3773
3906,40,255,433,113.00,744.00,1.3302,4.1732,0.9981,1298.15,0.7703,597.00,7.7033,14.3193,13.8471,18.6314,38.2369
3906,40,255,510,113.00,744.00,1.3302,4.1732,0.9981,1264.35,0.7909,606.00,7.9092,14.6922,14.1364,19.1276,39.8927
3906,100,15,7,103.00,745.00,1.1084,3.6069,0.8013,14989.91,0.0667,595.00,0.6671,1.1764,1.0632,2.0588,3.0069
3906,100,15,10,103.00,745.00,1.1084,3.6069,0.8187,15312.10,0.0653,601.00,0.6531,1.1221,1.0267,1.9710,2.8887
3906,100,15,15,103.00,745.00,1.1084,3.6069,0.8285,15960.56,0.0627,599.00,0.6265,1.0585,0.9638,1.8650,2.8003
3906,100,15,19,103.00,745.00,1.1084,3.6069,0.8312,16622.09,0.0602,595.00,0.6016,1.0204,0.9285,1.7745,2.7327
3906,100,15,25,103.00,745.00,1.1084,3.6069,0.8330,16744.07,0.0597,592.00,0.5972,1.0078,0.9210,1.7704,2.7319
3906,100,15,30,103.00,745.00,1.1084,3.6069,0.8336,16558.32,0.0604,593.00,0.6039,1.0147,0.9183,1.7640,2.9539
3906,100,31,15,103.00,745.00,1.1084,3.6069,0.9078,8824.74,0.1133,597.00,1.1332,2.0181,1.8480,3.2449,5.7124
3906,100,31,21,103.00,745.00,1.1084,3.6069,0.9152,8933.19,0.1119,598.00,1.1194,1.9743,1.8077,3.2407,5.3088
3906,100,31,31,103.00,745.00,1.1084,3.6069,0.9190,9054.97,0.1104,594.00,1.1044,1.9963,1.8269,3.3351,5.0069
3906,100,31,40,103.00,745.00,1.1084,3.6069,0.9198,9130.91,0.1095,598.00,1.0952,1.9579,1.7965,3.1619,5.2249
3906,100,31,52,103.00,745.00,1.1084,3.6069,0.9200,9318.64,0.1073,598.00,1.0731,1.9437,1.7900,3.1680,4.7515
3906,100,31,62,103.00,745.00,1.1084,3.6069,0.9202,8973.84,0.1114,600.00,1.1144,1.9674,1.8122,3.2502,4.8707
3906,100,63,31,103.00,745.00,1.1084,3.6069,0.9661,4554.57,0.2196,595.00,2.1956,3.9749,3.6855,5.9392,10.7916
3906,100,63,44,103.00,745.00,1.1084,3.6069,0.9692,4432.42,0.2256,595.00,2.2561,4.1300,3.8889,6.4020,8.8844
3906,100,63,63,103.00,745.00,1.1084,3.6069,0.9705,4501.74,0.2221,597.00,2.2214,4.0967,3.8583,6.2812,8.8866
3906,100,63,81,103.00,745.00,1.1084,3.6069,0.9707,4522.76,0.2211,597.00,2.2110,4.0409,3.7735,6.1113,9.9470
3906,100,63,107,103.00,745.00,1.1084,3.6069,0.9707,4635.75,0.2157,593.00,2.1571,4.0206,3.7776,6.0474,9.3308
3906,100,63,126,103.00,745.00,1.1084,3.6069,0.9707,4710.55,0.2123,598.00,2.1229,3.9858,3.7456,6.0625,9.2586
3906,100,127,63,103.00,745.00,1.1084,3.6069,0.9912,2483.77,0.4026,597.00,4.0261,7.4965,7.1219,10.4982,19.0422
3906,100,127,88,103.00,745.00,1.1084,3.6069,0.9918,2513.43,0.3979,597.00,3.9786,7.4346,7.0621,10.2660,20.8279
3906,100,127,127,103.00,745.00,1.1084,3.6069,0.9920,2520.95,0.3967,608.00,3.9668,7.6182,7.2823,10.7398,17.9939
3906,100,127,165,103.00,745.00,1.1084,3.6069,0.9921,2536.02,0.3943,597.00,3.9432,7.5835,7.1687,10.4672,19.2275
3906,100,127,215,103.00,745.00,1.1084,3.6069,0.9921,2546.63,0.3927,608.00,3.9268,7.5841,7.2166,10.4767,18.9411
3906,100,127,254,103.00,745.00,1.1084,3.6069,0.9921,2517.25,0.3973,600.00,3.9726,7.6597,7.2936,10.4909,18.8389
3906,100,255,127,103.00,745.00,1.1084,3.6069,0.9981,1316.68,0.7595,594.00,7.5949,14.5921,14.1012,19.7490,33.0155
3906,100,255,178,103.00,745.00,1.1084,3.6069,0.9983,1313.95,0.7611,602.00,7.6107,14.6398,14.1440,19.6317,34.0351
3906,100,255,255,103.00,745.00,1.1084,3.6069,0.9983,1318.52,0.7584,596.00,7.5843,14.6590,14.1250,20.3820,32.6566
3906,100,255,331,103.00,745.00,1.1084,3.6069,0.9983,1295.91,0.7717,603.00,7.7166,14.8322,14.3391,19.7749,33.9206
3906,100,255,433,103.00,745.00,1.1084,3.6069,0.9984,1275.39,0.7841,611.00,7.8407,14.7589,14.2533,19.6455,36.5141
3906,100,255,510,103.00,745.00,1.1084,3.6069,0.9984,1259.24,0.7941,594.00,7.9413,15.0896,14.5765,21.3792,31.1886
3906,150,15,7,103.00,745.00,1.1414,3.6209,0.8029,13585.08,0.0736,602.00,0.7361,1.3004,1.1803,2.3039,3.5525
3906,150,15,10,103.00,745.00,1.1414,3.6209,0.8191,14998.32,0.0667,604.00,0.6667,1.1483,1.0441,2.0351,3.1073
3906,150,15,15,103.00,745.00,1.1414,3.6209,0.8286,15356.83,0.0651,604.00,0.6512,1.0916,0.9960,1.9308,2.9033
3906,150,15,19,103.00,745.00,1.1414,3.6209,0.8314,15714.18,0.0636,602.00,0.6364,1.0585,0.9595,1.8488,2.9382
3906,150,15,25,103.00,745.00,1.1414,3.6209,0.8332,16239.46,0.0616,601.00,0.6158,1.0563,0.9522,1.9048,2.8063
3906,150,15,30,103.00,745.00,1.1414,3.6209,0.8334,15876.65,0.0630,604.00,0.6299,1.0533,0.9538,1.8857,2.8878
3906,150,31,15,103.00,745.00,1.1414,3.6209,0.9090,8347.17,0.1198,599.00,1.1980,2.1655,2.0124,3.4924,5.0344
3906,150,31,21,103.00,745.00,1.1414,3.6209,0.9169,8506.50,0.1176,596.00,1.1756,2.0748,1.8968,3.3925,5.7635
3906,150,31,31,103.00,745.00,1.1414,3.6209,0.9205,8495.81,0.1177,600.00,1.1771,2.0971,1.9221,3.4335,5.7363
3906,150,31,40,103.00,745.00,1.1414,3.6209,0.9212,8504.91,0.1176,601.00,1.1758,2.0942,1.9412,3.4354,5.0028
3906,150,31,52,103.00,745.00,1.1414,3.6209,0.9214,8690.49,0.1151,602.00,1.1507,2.0831,1.9203,3.4315,5.0219
3906,150,31,62,103.00,745.00,1.1414,3.6209,0.9215,8662.92,0.1154,611.00,1.1543,2.0813,1.9183,3.4159,5.0978
3906,150,63,31,103.00,745.00,1.1414,3.6209,0.9671,4551.45,0.2197,600.00,2.1971,4.0240,3.7448,6.0274,11.0454
3906,150,63,44,103.00,745.00,1.1414,3.6209,0.9696,4611.07,0.2169,596.00,2.1687,3.9677,3.6991,5.9652,11.0459
3906,150,63,63,103.00,745.00,1.1414,3.6209,0.9705,4592.00,0.2178,611.00,2.1777,4.0965,3.8307,6.2186,9.7206
3906,150,63,81,103.00,745.00,1.1414,3.6209,0.9706,4691.78,0.2131,601.00,2.1314,3.9589,3.7085,5.8908,10.5003
3906,150,63,107,103.00,745.00,1.1414,3.6209,0.9707,4615.54,0.2167,611.00,2.1666,4.0059,3.7472,5.9168,10.9361
3906,150,63,126,103.00,745.00,1.1414,3.6209,0.9707,4573.35,0.2187,605.00,2.1866,4.0191,3.7654,5.9070,10.7259
3906,150,127,63,103.00,745.00,1.1414,3.6209,0.9910,2484.38,0.4025,611.00,4.0251,7.7046,7.3257,10.6698,19.2462
3906,150,127,88,103.00,745.00,1.1414,3.6209,0.9916,2469.63,0.4049,601.00,4.0492,7.8172,7.4230,10.8238,19.7087
3906,150,127,127,103.00,745.00,1.1414,3.6209,0.9918,2484.24,0.4025,600.00,4.0254,7.8111,7.4094,10.7347,19.2994
3906,150,127,165,103.00,745.00,1.1414,3.6209,0.9918,2453.96,0.4075,599.00,4.0751,7.7422,7.3693,10.6568,19.7302
3906,150,127,215,103.00,745.00,1.1414,3.6209,0.9919,2453.37,0.4076,598.00,4.0760,7.7794,7.3948,10.6965,18.6150
3906,150,127,254,103.00,745.00,1.1414,3.6209,0.9919,2445.03,0.4090,597.00,4.0899,7.8875,7.4887,10.9930,18.6903
3906,150,255,127,103.00,745.00,1.1414,3.6209,0.9981,1268.78,0.7882,611.00,7.8816,15.1329,14.6272,20.7305,33.9130
3906,150,255,178,103.00,745.00,1.1414,3.6209,0.9982,1246.71,0.8021,607.00,8.0211,15.0692,14.5412,19.7730,39.7246
3906,150,255,255,103.00,745.00,1.1414,3.6209,0.9983,1231.31,0.8121,599.00,8.1214,15.5715,15.0612,20.4365,36.6640
3906,150,255,331,103.00,745.00,1.1414,3.6209,0.9983,1229.31,0.8135,602.00,8.1346,15.2588,14.7237,19.8665,42.0367
3906,150,255,433,103.00,745.00,1.1414,3.6209,0.9983,1280.83,0.7807,597.00,7.8074,15.1413,14.6152,21.2643,31.2851
3906,150,255,510,103.00,745.00,1.1414,3.6209,0.9983,1234.61,0.8100,611.00,8.0997,15.4153,14.9058,20.5300,35.9030
3906,200,15,7,115.00,743.00,1.2065,3.7254,0.8033,14169.63,0.0706,597.00,0.7057,1.2658,1.1621,2.1553,3.2075
3906,200,15,10,115.00,743.00,1.2065,3.7254,0.8200,15520.33,0.0644,599.00,0.6443,1.1332,1.0346,1.9907,2.8417
3906,200,15,15,115.00,743.00,1.2065,3.7254,0.8295,15704.07,0.0637,601.00,0.6368,1.0630,0.9651,1.8726,2.9692
3906,200,15,19,115.00,743.00,1.2065,3.7254,0.8318,15908.51,0.0629,603.00,0.6286,1.0453,0.9492,1.8443,2.8134
3906,200,15,25,115.00,743.00,1.2065,3.7254,0.8333,16428.65,0.0609,602.00,0.6087,1.0074,0.9096,1.7845,2.7666
3906,200,15,30,115.00,743.00,1.2065,3.7254,0.8338,17171.41,0.0582,603.00,0.5824,1.0077,0.9112,1.7911,2.6173
3906,200,31,15,115.00,743.00,1.2065,3.7254,0.9088,8794.25,0.1137,600.00,1.1371,2.0212,1.8544,3.2998,5.4062
3906,200,31,21,115.00,743.00,1.2065,3.7254,0.9160,8870.22,0.1127,606.00,1.1274,2.0241,1.8656,3.3308,5.0375
3906,200,31,31,115.00,743.00,1.2065,3.7254,0.9197,8992.36,0.1112,605.00,1.1121,2.0366,1.8757,3.3739,5.0721
3906,200,31,40,115.00,743.00,1.2065,3.7254,0.9205,8808.72,0.1135,611.00,1.1352,2.0127,1.8458,3.2520,5.4492
3906,200,31,52,115.00,743.00,1.2065,3.7254,0.9208,8883.99,0.1126,600.00,1.1256,2.0038,1.8416,3.2345,5.2016
3906,200,31,62,115.00,743.00,1.2065,3.7254,0.9209,9141.28,0.1094,601.00,1.0939,1.9743,1.8135,3.1511,4.9064
3906,200,63,31,115.00,743.00,1.2065,3.7254,0.9665,4613.24,0.2168,600.00,2.1677,3.9136,3.6406,5.8549,11.0267
3906,200,63,44,115.00,743.00,1.2065,3.7254,0.9689,4589.99,0.2179,605.00,2.1787,3.9701,3.6898,5.9012,11.2120
3906,200,63,63,115.00,743.00,1.2065,3.7254,0.9699,4922.81,0.2031,611.00,2.0314,3.8403,3.5962,5.7069,8.9893
3906,200,63,81,115.00,743.00,1.2065,3.7254,0.9701,4875.53,0.2051,603.00,2.0511,3.8969,3.6176,5.8706,9.8864
3906,200,63,107,115.00,743.00,1.2065,3.7254,0.9702,4844.25,0.2064,601.00,2.0643,3.9197,3.6506,5.8339,9.8661
3906,200,63,126,115.00,743.00,1.2065,3.7254,0.9702,4868.59,0.2054,602.00,2.0540,3.9066,3.6349,5.9134,10.1288
3906,200,127,63,115.00,743.00,1.2065,3.7254,0.9907,2536.57,0.3942,600.00,3.9423,7.5291,7.1893,10.4381,15.5119
3906,200,127,88,115.00,743.00,1.2065,3.7254,0.9915,2541.55,0.3935,602.00,3.9346,7.6176,7.2456,10.5752,18.6646
3906,200,127,127,115.00,743.00,1.2065,3.7254,0.9917,2558.50,0.3909,603.00,3.9085,7.5702,7.1536,10.4828,19.1258
3906,200,127,165,115.00,743.00,1.2065,3.7254,0.9917,2558.30,0.3909,602.00,3.9088,7.5941,7.2384,10.5635,17.9607
3906,200,127,215,115.00,743.00,1.2065,3.7254,0.9917,2533.64,0.3947,603.00,3.9469,7.6002,7.2605,10.3724,15.5232
3906,200,127,254,115.00,743.00,1.2065,3.7254,0.9917,2516.77,0.3973,608.00,3.9733,7.6439,7.2911,10.5662,17.0243
3906,200,255,127,115.00,743.00,1.2065,3.7254,0.9981,1275.42,0.7841,612.00,7.8406,14.9446,14.4370,19.8758,34.8614
3906,200,255,178,115.00,743.00,1.2065,3.7254,0.9982,1286.01,0.7776,609.00,7.7760,14.6007,14.1148,19.0659,40.8855
3906,200,255,255,115.00,743.00,1.2065,3.7254,0.9983,1273.99,0.7849,612.00,7.8493,14.6949,14.1491,19.1452,40.3706
3906,200,255,331,115.00,743.00,1.2065,3.7254,0.9983,1279.67,0.7814,610.00,7.8145,14.7499,14.2349,19.9687,36.3445
3906,200,255,433,115.00,743.00,1.2065,3.7254,0.9983,1262.37,0.7922,609.00,7.9216,14.8984,14.3962,19.5706,38.7633
3906,200,255,510,115.00,743.00,1.2065,3.7254,0.9983,1263.73,0.7913,609.00,7.9131,14.9626,14.4377,19.5656,38.3378
7812,40,31,15,121.00,736.00,1.7349,4.7642,0.8762,12896.13,0.0775,607.00,0.7754,1.3845,1.2723,2.3022,3.5309
7812,40,31,21,121.00,736.00,1.7349,4.7642,0.8794,14182.29,0.0705,604.00,0.7051,1.2395,1.1411,2.0427,3.1238
7812,40,31,31,121.00,736.00,1.7349,4.7642,0.8803,14850.91,0.0673,600.00,0.6734,1.1778,1.0889,1.9747,2.6964
7812,40,31,40,121.00,736.00,1.7349,4.7642,0.8806,15011.86,0.0666,607.00,0.6661,1.1625,1.0733,1.9803,2.6719
7812,40,31,52,121.00,736.00,1.7349,4.7642,0.8806,14509.54,0.0689,608.00,0.6892,1.1832,1.0837,2.0027,2.8829
7812,40,31,62,121.00,736.00,1.7349,4.7642,0.8806,14236.53,0.0702,606.00,0.7024,1.1911,1.1105,2.0023,2.6301
7812,40,63,31,121.00,736.00,1.7349,4.7642,0.9448,8031.66,0.1245,615.00,1.2451,2.2250,2.0660,3.5196,5.4614
7812,40,63,44,121.00,736.00,1.7349,4.7642,0.9460,8161.30,0.1225,614.00,1.2253,2.2389,2.1066,3.5658,4.6878
7812,40,63,63,121.00,736.00,1.7349,4.7642,0.9462,8375.05,0.1194,617.00,1.1940,2.1918,2.0575,3.4906,4.8308
7812,40,63,81,121.00,736.00,1.7349,4.7642,0.9462,8224.53,0.1216,614.00,1.2159,2.1910,2.0420,3.4019,5.2769
7812,40,63,107,121.00,736.00,1.7349,4.7642,0.9463,8195.38,0.1220,615.00,1.2202,2.2182,2.0710,3.4122,5.1016
7812,40,63,126,121.00,736.00,1.7349,4.7642,0.9463,8009.26,0.1249,602.00,1.2486,2.2449,2.0912,3.4826,5.4288
7812,40,127,63,121.00,736.00,1.7349,4.7642,0.9813,4447.27,0.2249,602.00,2.2486,4.1859,3.9502,6.0607,9.9630
7812,40,127,88,121.00,736.00,1.7349,4.7642,0.9816,4416.43,0.2264,604.00,2.2643,4.1930,3.9651,6.0746,10.2510
7812,40,127,127,121.00,736.00,1.7349,4.7642,0.9817,4403.07,0.2271,602.00,2.2711,4.3074,4.0885,6.4369,8.9809
7812,40,127,165,121.00,736.00,1.7349,4.7642,0.9817,4391.08,0.2277,605.00,2.2773,4.2493,4.0299,6.1721,9.4431
7812,40,127,215,121.00,736.00,1.7349,4.7642,0.9818,4331.94,0.2308,600.00,2.3084,4.3583,4.1552,6.3983,8.9406
7812,40,127,254,121.00,736.00,1.7349,4.7642,0.9818,4200.95,0.2380,605.00,2.3804,4.3408,4.1053,6.2005,11.1234
7812,40,255,127,121.00,736.00,1.7349,4.7642,0.9950,2374.08,0.4212,603.00,4.2122,7.9981,7.7065,11.0890,18.2700
7812,40,255,178,121.00,736.00,1.7349,4.7642,0.9950,2333.03,0.4286,607.00,4.2863,8.0485,7.7644,11.2278,17.6600
7812,40,255,255,121.00,736.00,1.7349,4.7642,0.9950,2288.72,0.4369,601.00,4.3693,8.3363,8.0577,11.5669,17.1685
7812,40,255,331,121.00,736.00,1.7349,4.7642,0.9951,2260.01,0.4425,608.00,4.4248,8.4131,8.1582,11.8956,15.7064
7812,40,255,433,121.00,736.00,1.7349,4.7642,0.9952,2282.97,0.4380,617.00,4.3803,8.3490,8.0562,11.4812,18.0150
7812,40,255,510,121.00,736.00,1.7349,4.7642,0.9952,2187.87,0.4571,603.00,4.5707,8.7467,8.4681,12.1360,17.2384
7812,40,511,255,121.00,736.00,1.7349,4.7642,0.9987,1197.34,0.8352,619.00,8.3518,15.6619,15.2198,20.3874,35.8002
7812,40,511,357,121.00,736.00,1.7349,4.7642,0.9988,1229.39,0.8134,625.00,8.1341,15.7175,15.3092,21.4625,31.7167
7812,40,511,511,121.00,736.00,1.7349,4.7642,0.9988,1218.07,0.8210,641.00,8.2097,15.7906,15.4295,22.8395,28.4672
7812,40,511,664,121.00,736.00,1.7349,4.7642,0.9988,1190.23,0.8402,625.00,8.4017,16.1257,15.7390,22.1654,31.9306
7812,40,511,868,121.00,736.00,1.7349,4.7642,0.9988,1151.38,0.8685,629.00,8.6852,16.4927,16.1328,21.7748,35.8985
7812,40,511,1022,121.00,736.00,1.7349,4.7642,0.9988,1128.03,0.8865,647.00,8.8650,16.9055,16.5480,21.9593,36.4434
7812,100,31,15,154.00,735.00,1.5051,4.2330,0.8671,12934.79,0.0773,639.00,0.7731,1.3858,1.2720,2.4055,3.5416
7812,100,31,21,154.00,735.00,1.5051,4.2330,0.8752,14057.90,0.0711,636.00,0.7113,1.2333,1.1391,2.0518,3.0758
7812,100,31,31,154.00,735.00,1.5051,4.2330,0.8803,14692.22,0.0681,639.00,0.6806,1.1899,1.0951,2.0499,2.7689
7812,100,31,40,154.00,735.00,1.5051,4.2330,0.8815,14673.90,0.0681,637.00,0.6815,1.1939,1.1058,2.0174,2.6899
7812,100,31,52,154.00,735.00,1.5051,4.2330,0.8818,14901.75,0.0671,638.00,0.6711,1.1895,1.0915,2.0228,2.7419
7812,100,31,62,154.00,735.00,1.5051,4.2330,0.8819,14613.70,0.0684,637.00,0.6843,1.1882,1.0990,1.9966,2.7163
7812,100,63,31,154.00,735.00,1.5051,4.2330,0.9422,7890.03,0.1267,636.00,1.2674,2.3160,2.1662,3.6896,5.0334
7812,100,63,44,154.00,735.00,1.5051,4.2330,0.9465,8013.33,0.1248,634.00,1.2479,2.2520,2.0821,3.5534,5.5536
7812,100,63,63,154.00,735.00,1.5051,4.2330,0.9477,7992.33,0.1251,638.00,1.2512,2.2425,2.0798,3.4978,5.9235
7812,100,63,81,154.00,735.00,1.5051,4.2330,0.9481,8015.08,0.1248,636.00,1.2476,2.2563,2.0954,3.5058,5.7792
7812,100,63,107,154.00,735.00,1.5051,4.2330,0.9481,7990.70,0.1251,635.00,1.2515,2.2472,2.0861,3.5074,5.5506
7812,100,63,126,154.00,735.00,1.5051,4.2330,0.9481,8088.75,0.1236,639.00,1.2363,2.2850,2.1406,3.5748,4.7539
7812,100,127,63,154.00,735.00,1.5051,4.2330,0.9806,4322.89,0.2313,635.00,2.3133,4.2435,4.0171,6.2471,10.5180
7812,100,127,88,154.00,735.00,1.5051,4.2330,0.9818,4298.99,0.2326,631.00,2.3261,4.3803,4.1639,6.5691,9.1695
7812,100,127,127,154.00,735.00,1.5051,4.2330,0.9821,4274.90,0.2339,634.00,2.3392,4.4283,4.2116,6.5962,8.9290
7812,100,127,165,154.00,735.00,1.5051,4.2330,0.9822,4257.24,0.2349,643.00,2.3489,4.4403,4.2312,6.5533,9.2962
7812,100,127,215,154.00,735.00,1.5051,4.2330,0.9822,4268.67,0.2343,643.00,2.3427,4.4220,4.2170,6.5167,8.8708
7812,100,127,254,154.00,735.00,1.5051,4.2330,0.9822,4186.08,0.2389,647.00,2.3889,4.5165,4.2984,6.6289,9.0503
7812,100,255,127,154.00,735.00,1.5051,4.2330,0.9951,2267.38,0.4410,643.00,4.4104,8.4025,8.1050,11.8328,17.0165
7812,100,255,178,154.00,735.00,1.5051,4.2330,0.9954,2198.47,0.4549,629.00,4.5486,8.3948,8.0607,11.7962,18.6654
7812,100,255,255,154.00,735.00,1.5051,4.2330,0.9956,2210.83,0.4523,633.00,4.5232,8.4092,8.0855,11.7129,18.7979
7812,100,255,331,154.00,735.00,1.5051,4.2330,0.9956,2179.71,0.4588,634.00,4.5878,8.5280,8.1830,11.8408,19.7126
7812,100,255,433,154.00,735.00,1.5051,4.2330,0.9956,2176.07,0.4595,627.00,4.5954,8.7252,8.4232,12.3184,16.4513
7812,100,255,510,154.00,735.00,1.5051,4.2330,0.9956,2156.57,0.4637,647.00,4.6370,8.8765,8.5698,12.3306,17.4412
7812,100,511,255,154.00,735.00,1.5051,4.2330,0.9987,1234.22,0.8102,637.00,8.1023,15.8178,15.4055,22.2246,31.4829
7812,100,511,357,154.00,735.00,1.5051,4.2330,0.9987,1228.22,0.8142,632.00,8.1419,15.9054,15.4628,22.1287,33.2861
7812,100,511,511,154.00,735.00,1.5051,4.2330,0.9988,1208.83,0.8272,638.00,8.2725,16.0425,15.6636,23.1862,29.9573
7812,100,511,664,154.00,735.00,1.5051,4.2330,0.9988,1186.74,0.8426,651.00,8.4264,16.2357,15.8730,22.7670,30.3640
7812,100,511,868,154.00,735.00,1.5051,4.2330,0.9988,1137.34,0.8792,648.00,8.7925,16.9605,16.6819,24.0637,28.6174
7812,100,511,1022,154.00,735.00,1.5051,4.2330,0.9988,1127.18,0.8872,636.00,8.8717,17.2579,16.8344,23.5944,31.8196
7812,150,31,15,147.00,736.00,1.6838,4.4393,0.8694,12688.63,0.0788,640.00,0.7881,1.4276,1.3123,2.3907,3.4229
7812,150,31,21,147.00,736.00,1.6838,4.4393,0.8772,14103.91,0.0709,651.00,0.7090,1.2564,1.1620,2.0991,2.9428
7812,150,31,31,147.00,736.00,1.6838,4.4393,0.8812,14622.66,0.0684,638.00,0.6839,1.2098,1.1138,2.0554,2.7896
7812,150,31,40,147.00,736.00,1.6838,4.4393,0.8821,14662.94,0.0682,641.00,0.6820,1.1943,1.0965,2.0254,2.9225
7812,150,31,52,147.00,736.00,1.6838,4.4393,0.8825,14693.52,0.0681,644.00,0.6806,1.1946,1.1047,2.0133,2.7927
7812,150,31,62,147.00,736.00,1.6838,4.4393,0.8826,14531.07,0.0688,640.00,0.6882,1.1966,1.1027,2.0214,2.8887
7812,150,63,31,147.00,736.00,1.6838,4.4393,0.9428,7996.47,0.1251,639.00,1.2506,2.2682,2.1248,3.5916,5.2948
7812,150,63,44,147.00,736.00,1.6838,4.4393,0.9459,7937.80,0.1260,638.00,1.2598,2.2888,2.1457,3.6476,4.8000
7812,150,63,63,147.00,736.00,1.6838,4.4393,0.9476,8118.94,0.1232,638.00,1.2317,2.2719,2.1178,3.6319,4.9456
7812,150,63,81,147.00,736.00,1.6838,4.4393,0.9480,8293.88,0.1206,643.00,1.2057,2.2467,2.1027,3.5499,4.7861
7812,150,63,107,147.00,736.00,1.6838,4.4393,0.9483,7999.87,0.1250,649.00,1.2500,2.2928,2.1448,3.6067,4.9087
7812,150,63,126,147.00,736.00,1.6838,4.4393,0.9482,8020.24,0.1247,644.00,1.2468,2.3161,2.1644,3.6363,4.7618
7812,150,127,63,147.00,736.00,1.6838,4.4393,0.9809,4386.78,0.2280,646.00,2.2796,4.3364,4.1115,6.3985,9.3743
7812,150,127,88,147.00,736.00,1.6838,4.4393,0.9820,4366.53,0.2290,639.00,2.2901,4.2760,4.0668,6.1210,10.1488
7812,150,127,127,147.00,736.00,1.6838,4.4393,0.9823,4260.04,0.2347,637.00,2.3474,4.4009,4.1917,6.5357,9.0523
7812,150,127,165,147.00,736.00,1.6838,4.4393,0.9825,4273.34,0.2340,648.00,2.3401,4.4029,4.1911,6.4880,9.1442
7812,150,127,215,147.00,736.00,1.6838,4.4393,0.9825,4234.22,0.2362,636.00,2.3617,4.4875,4.2686,6.6740,9.2413
7812,150,127,254,147.00,736.00,1.6838,4.4393,0.9825,4255.49,0.2350,640.00,2.3499,4.4672,4.2518,6.4975,8.9420
7812,150,255,127,147.00,736.00,1.6838,4.4393,0.9952,2280.80,0.4384,647.00,4.3844,8.2511,7.9570,11.5725,18.2525
7812,150,255,178,147.00,736.00,1.6838,4.4393,0.9955,2257.50,0.4430,651.00,4.4297,8.4026,8.0995,11.8306,17.9492
7812,150,255,255,147.00,736.00,1.6838,4.4393,0.9956,2254.07,0.4436,649.00,4.4364,8.4633,8.1543,12.0485,17.8116
7812,150,255,331,147.00,736.00,1.6838,4.4393,0.9956,2287.27,0.4372,639.00,4.3720,8.3928,8.0836,11.8907,17.1945
7812,150,255,433,147.00,736.00,1.6838,4.4393,0.9956,2224.55,0.4495,651.00,4.4953,8.6537,8.3640,12.1518,17.2468
7812,150,255,510,147.00,736.00,1.6838,4.4393,0.9956,2169.17,0.4610,636.00,4.6101,8.6639,8.3464,11.7886,19.2992
7812,150,511,255,147.00,736.00,1.6838,4.4393,0.9989,1235.60,0.8093,651.00,8.0933,15.7418,15.3689,22.7898,31.6726
7812,150,511,357,147.00,736.00,1.6838,4.4393,0.9990,1232.48,0.8114,636.00,8.1137,15.8548,15.4408,22.6265,31.8477
7812,150,511,511,147.00,736.00,1.6838,4.4393,0.9990,1204.53,0.8302,642.00,8.3020,16.1352,15.7125,21.7844,33.2877
7812,150,511,664,147.00,736.00,1.6838,4.4393,0.9990,1164.70,0.8586,651.00,8.5859,16.5480,16.1049,22.6716,32.6694
7812,150,511,868,147.00,736.00,1.6838,4.4393,0.9990,1138.24,0.8786,657.00,8.7855,16.7573,16.3920,22.8306,35.7197
7812,150,511,1022,147.00,736.00,1.6838,4.4393,0.9990,1112.09,0.8992,648.00,8.9921,17.3605,16.9478,23.7733,32.9703
7812,200,31,15,142.00,735.00,1.8287,4.5669,0.8695,12520.62,0.0799,649.00,0.7987,1.4110,1.2932,2.3651,3.7011
7812,200,31,21,142.00,735.00,1.8287,4.5669,0.8764,14111.90,0.0709,647.00,0.7086,1.2585,1.1606,2.1459,2.9450
7812,200,31,31,142.00,735.00,1.8287,4.5669,0.8802,13783.96,0.0725,648.00,0.7255,1.2021,1.1074,2.0449,3.2246
7812,200,31,40,142.00,735.00,1.8287,4.5669,0.8811,14298.19,0.0699,642.00,0.6994,1.2134,1.1074,2.0929,3.1292
7812,200,31,52,142.00,735.00,1.8287,4.5669,0.8817,14424.46,0.0693,646.00,0.6933,1.1899,1.0895,2.0023,3.0073
7812,200,31,62,142.00,735.00,1.8287,4.5669,0.8819,14293.18,0.0700,648.00,0.6996,1.1924,1.0940,2.0445,2.8747
7812,200,63,31,142.00,735.00,1.8287,4.5669,0.9432,8006.65,0.1249,650.00,1.2490,2.2607,2.0863,3.5598,5.6818
7812,200,63,44,142.00,735.00,1.8287,4.5669,0.9465,8111.18,0.1233,646.00,1.2329,2.2499,2.0857,3.5188,5.4176
7812,200,63,63,142.00,735.00,1.8287,4.5669,0.9477,8204.38,0.1219,649.00,1.2189,2.2398,2.0932,3.5664,4.8261
7812,200,63,81,142.00,735.00,1.8287,4.5669,0.9479,8126.91,0.1230,657.00,1.2305,2.2706,2.1141,3.6034,5.0460
7812,200,63,107,142.00,735.00,1.8287,4.5669,0.9479,7977.78,0.1253,653.00,1.2535,2.2623,2.0989,3.5109,5.4219
7812,200,63,126,142.00,735.00,1.8287,4.5669,0.9479,7992.79,0.1251,652.00,1.2511,2.2746,2.1199,3.5479,5.2522
7812,200,127,63,142.00,735.00,1.8287,4.5669,0.9811,4306.58,0.2322,658.00,2.3220,4.2894,4.0613,6.2265,10.1830
7812,200,127,88,142.00,735.00,1.8287,4.5669,0.9822,4369.46,0.2289,649.00,2.2886,4.3633,4.1405,6.4700,9.3337
7812,200,127,127,142.00,735.00,1.8287,4.5669,0.9824,4282.83,0.2335,645.00,2.3349,4.4214,4.2043,6.5488,9.0379
7812,200,127,165,142.00,735.00,1.8287,4.5669,0.9824,4221.42,0.2369,646.00,2.3689,4.4627,4.2588,6.5828,8.9513
7812,200,127,215,142.00,735.00,1.8287,4.5669,0.9825,4208.04,0.2376,641.00,2.3764,4.4910,4.2737,6.6746,9.2293
7812,200,127,254,142.00,735.00,1.8287,4.5669,0.9825,4135.29,0.2418,647.00,2.4182,4.4446,4.2049,6.4422,10.9659
7812,200,255,127,142.00,735.00,1.8287,4.5669,0.9957,2290.99,0.4365,655.00,4.3649,8.4083,8.1274,12.0850,16.9859
7812,200,255,178,142.00,735.00,1.8287,4.5669,0.9958,2317.26,0.4315,658.00,4.3154,8.3236,8.0457,11.8765,16.4454
7812,200,255,255,142.00,735.00,1.8287,4.5669,0.9959,2260.19,0.4424,654.00,4.4244,8.3167,8.0449,11.7914,17.1350
7812,200,255,331,142.00,735.00,1.8287,4.5669,0.9959,2263.24,0.4418,646.00,4.4184,8.4988,8.2045,12.1210,17.1446
7812,200,255,433,142.00,735.00,1.8287,4.5669,0.9959,2235.70,0.4473,656.00,4.4729,8.5086,8.2193,11.5090,19.6158
7812,200,255,510,142.00,735.00,1.8287,4.5669,0.9959,2187.83,0.4571,653.00,4.5707,8.7347,8.4659,12.4339,16.6830
7812,200,511,255,142.00,735.00,1.8287,4.5669,0.9989,1217.58,0.8213,659.00,8.2130,15.6621,15.3271,21.7612,32.6195
7812,200,511,357,142.00,735.00,1.8287,4.5669,0.9989,1221.99,0.8183,647.00,8.1834,15.9097,15.5574,22.2019,30.4090
7812,200,511,511,142.00,735.00,1.8287,4.5669,0.9989,1218.74,0.8205,645.00,8.2052,16.0646,15.6799,22.3333,31.5967
7812,200,511,664,142.00,735.00,1.8287,4.5669,0.9989,1191.89,0.8390,643.00,8.3900,16.3328,16.0057,22.8690,30.3386
7812,200,511,868,142.00,735.00,1.8287,4.5669,0.9989,1142.43,0.8753,655.00,8.7533,16.8741,16.5158,23.5923,30.5787
7812,200,511,1022,142.00,735.00,1.8287,4.5669,0.9989,1113.63,0.8980,647.00,8.9797,17.1589,16.8032,24.0319,31.4291
15625,40,64,32,157.00,732.00,2.6912,5.9075,0.9184,11144.31,0.0897,647.00,0.8973,1.6042,1.4898,2.6122,3.9416
15625,40,64,44,157.00,732.00,2.6912,5.9075,0.9199,12274.06,0.0815,655.00,0.8147,1.4647,1.3907,2.3037,2.9695
15625,40,64,64,157.00,732.00,2.6912,5.9075,0.9205,12051.82,0.0830,654.00,0.8297,1.4144,1.3380,2.2548,2.9822
15625,40,64,83,157.00,732.00,2.6912,5.9075,0.9207,12186.54,0.0821,666.00,0.8206,1.4156,1.3377,2.2584,3.1491
15625,40,64,108,157.00,732.00,2.6912,5.9075,0.9207,12179.84,0.0821,658.00,0.8210,1.4333,1.3532,2.2408,3.0350
15625,40,64,128,157.00,732.00,2.6912,5.9075,0.9208,11823.54,0.0846,655.00,0.8458,1.4549,1.3786,2.2625,3.0659
15625,40,128,64,157.00,732.00,2.6912,5.9075,0.9659,7023.11,0.1424,646.00,1.4239,2.6405,2.5372,3.8922,4.8114
15625,40,128,89,157.00,732.00,2.6912,5.9075,0.9665,6728.10,0.1486,655.00,1.4863,2.7417,2.6430,4.0151,4.9561
15625,40,128,128,157.00,732.00,2.6912,5.9075,0.9668,7046.89,0.1419,652.00,1.4191,2.6890,2.5846,4.0114,4.9513
15625,40,128,166,157.00,732.00,2.6912,5.9075,0.9669,7009.38,0.1427,652.00,1.4267,2.6461,2.5496,3.9100,4.9026
15625,40,128,217,157.00,732.00,2.6912,5.9075,0.9669,6868.80,0.1456,655.00,1.4559,2.6890,2.5758,3.9708,5.3647
15625,40,128,256,157.00,732.00,2.6912,5.9075,0.9669,6779.82,0.1475,651.00,1.4750,2.7529,2.6561,4.0083,4.9419
15625,40,256,128,157.00,732.00,2.6912,5.9075,0.9888,3843.34,0.2602,658.00,2.6019,4.9173,4.8055,6.8870,8.3052
15625,40,256,179,157.00,732.00,2.6912,5.9075,0.9890,3842.87,0.2602,661.00,2.6022,4.9388,4.7966,7.0131,8.8122
15625,40,256,256,157.00,732.00,2.6912,5.9075,0.9891,3852.48,0.2596,650.00,2.5957,4.9878,4.8487,7.0787,8.8693
15625,40,256,332,157.00,732.00,2.6912,5.9075,0.9891,3700.94,0.2702,650.00,2.7020,5.1225,4.9954,7.2009,8.6947
15625,40,256,435,157.00,732.00,2.6912,5.9075,0.9891,3532.58,0.2831,657.00,2.8308,5.2437,5.0709,7.2841,10.9625
15625,40,256,512,157.00,732.00,2.6912,5.9075,0.9891,3543.62,0.2822,666.00,2.8220,5.4102,5.2846,7.4233,8.8622
15625,40,512,256,157.00,732.00,2.6912,5.9075,0.9963,2006.81,0.4983,652.00,4.9830,9.3236,9.0892,12.9657,18.2780
15625,40,512,358,157.00,732.00,2.6912,5.9075,0.9963,2000.06,0.5000,644.00,4.9999,9.5014,9.3303,12.8876,15.4345
15625,40,512,512,157.00,732.00,2.6912,5.9075,0.9963,1975.96,0.5061,664.00,5.0608,9.6994,9.5596,13.0249,15.9904
15625,40,512,665,157.00,732.00,2.6912,5.9075,0.9965,1888.81,0.5294,649.00,5.2943,9.9407,9.7502,13.5002,17.4213
15625,40,512,870,157.00,732.00,2.6912,5.9075,0.9966,1777.23,0.5627,652.00,5.6267,10.6432,10.5241,13.9391,15.8213
15625,40,512,1024,157.00,732.00,2.6912,5.9075,0.9966,1740.97,0.5744,666.00,5.7439,10.9596,10.7938,14.4951,16.7596
15625,40,1024,512,157.00,732.00,2.6912,5.9075,0.9984,1048.70,0.9536,684.00,9.5356,18.1533,17.8948,23.8861,26.7998
15625,40,1024,716,157.00,732.00,2.6912,5.9075,0.9987,1021.43,0.9790,692.00,9.7902,18.5868,18.3281,24.3318,27.3833
15625,40,1024,1024,157.00,732.00,2.6912,5.9075,0.9987,1010.71,0.9894,706.00,9.8940,18.7222,18.4001,24.5540,36.5807
15625,40,1024,1331,157.00,732.00,2.6912,5.9075,0.9988,929.51,1.0758,704.00,10.7584,20.4797,20.2233,26.0176,28.8951
15625,40,1024,1740,157.00,732.00,2.6912,5.9075,0.9988,859.40,1.1636,710.00,11.6360,22.2215,21.9780,28.2313,30.8184
15625,40,1024,2048,157.00,732.00,2.6912,5.9075,0.9990,791.34,1.2637,708.00,12.6369,24.2104,24.0349,30.2146,33.5927
15625,100,64,32,223.00,734.00,2.4250,5.3166,0.9154,10698.00,0.0935,709.00,0.9348,1.7285,1.6041,2.8246,4.0321
15625,100,64,44,223.00,734.00,2.4250,5.3166,0.9198,11733.92,0.0852,713.00,0.8522,1.5286,1.4423,2.4368,3.1554
15625,100,64,64,223.00,734.00,2.4250,5.3166,0.9221,11531.21,0.0867,709.00,0.8672,1.5120,1.4260,2.4509,3.3073
15625,100,64,83,223.00,734.00,2.4250,5.3166,0.9224,11690.99,0.0855,708.00,0.8554,1.5085,1.4323,2.3576,3.0083
15625,100,64,108,223.00,734.00,2.4250,5.3166,0.9224,11738.24,0.0852,715.00,0.8519,1.5212,1.4461,2.3427,2.9410
15625,100,64,128,223.00,734.00,2.4250,5.3166,0.9225,11658.38,0.0858,712.00,0.8578,1.5060,1.4240,2.3661,3.4032
15625,100,128,64,223.00,734.00,2.4250,5.3166,0.9657,6625.21,0.1509,707.00,1.5094,2.7973,2.6839,4.1770,5.3814
15625,100,128,89,223.00,734.00,2.4250,5.3166,0.9674,6606.83,0.1514,709.00,1.5136,2.7929,2.6839,4.1553,5.3864
15625,100,128,128,223.00,734.00,2.4250,5.3166,0.9680,6581.65,0.1519,709.00,1.5194,2.8203,2.7150,4.1867,5.3935
15625,100,128,166,223.00,734.00,2.4250,5.3166,0.9681,6277.52,0.1593,709.00,1.5930,2.8567,2.7127,4.3323,6.1171
15625,100,128,217,223.00,734.00,2.4250,5.3166,0.9681,6391.58,0.1565,724.00,1.5646,2.9230,2.8110,4.2959,5.3101
15625,100,128,256,223.00,734.00,2.4250,5.3166,0.9682,6272.49,0.1594,712.00,1.5943,2.9494,2.8381,4.2919,5.3676
15625,100,256,128,223.00,734.00,2.4250,5.3166,0.9889,3577.96,0.2795,714.00,2.7949,5.1763,4.9832,7.3748,11.0722
15625,100,256,179,223.00,734.00,2.4250,5.3166,0.9895,3526.75,0.2835,709.00,2.8355,5.2119,5.0216,7.4452,11.0624
15625,100,256,256,223.00,734.00,2.4250,5.3166,0.9898,3536.44,0.2828,723.00,2.8277,5.2381,5.0462,7.4616,10.9553
15625,100,256,332,223.00,734.00,2.4250,5.3166,0.9899,3545.54,0.2820,709.00,2.8204,5.3885,5.2511,7.5972,9.2900
15625,100,256,435,223.00,734.00,2.4250,5.3166,0.9899,3392.56,0.2948,701.00,2.9476,5.5069,5.3125,7.7731,11.3803
15625,100,256,512,223.00,734.00,2.4250,5.3166,0.9899,3369.69,0.2968,708.00,2.9676,5.5919,5.4222,7.7675,10.6681
15625,100,512,256,223.00,734.00,2.4250,5.3166,0.9971,1866.32,0.5358,708.00,5.3582,10.1272,9.9409,13.9870,16.4110
15625,100,512,358,223.00,734.00,2.4250,5.3166,0.9972,1847.26,0.5413,706.00,5.4134,10.2410,10.0689,14.0449,16.4381
15625,100,512,512,223.00,734.00,2.4250,5.3166,0.9973,1839.32,0.5437,721.00,5.4368,10.2505,10.0497,14.1646,16.9764
15625,100,512,665,223.00,734.00,2.4250,5.3166,0.9973,1794.18,0.5574,724.00,5.5736,10.5745,10.3451,14.4018,17.4130
15625,100,512,870,223.00,734.00,2.4250,5.3166,0.9973,1700.81,0.5880,706.00,5.8795,11.1639,10.9800,15.0916,17.1819
15625,100,512,1024,223.00,734.00,2.4250,5.3166,0.9973,1607.09,0.6222,724.00,6.2224,11.7269,11.5071,15.7055,18.3887
15625,100,1024,512,223.00,734.00,2.4250,5.3166,0.9991,955.27,1.0468,717.00,10.4682,19.7627,19.4980,26.4637,30.2402
15625,100,1024,716,223.00,734.00,2.4250,5.3166,0.9991,978.89,1.0216,724.00,10.2156,19.5117,19.2544,26.2920,29.8679
15625,100,1024,1024,223.00,734.00,2.4250,5.3166,0.9991,939.58,1.0643,706.00,10.6430,20.0942,19.7847,26.8706,29.9288
15625,100,1024,1331,223.00,734.00,2.4250,5.3166,0.9992,898.30,1.1132,724.00,11.1321,21.0842,20.8805,27.5549,31.0085
15625,100,1024,1740,223.00,734.00,2.4250,5.3166,0.9992,844.92,1.1835,709.00,11.8355,22.6602,22.3444,29.0288,33.9594
15625,100,1024,2048,223.00,734.00,2.4250,5.3166,0.9992,786.73,1.2711,709.00,12.7108,24.3116,24.0000,31.1977,36.8173
15625,150,64,32,229.00,731.00,2.8272,5.7439,0.9164,10993.13,0.0910,710.00,0.9097,1.6543,1.5520,2.6335,3.8534
15625,150,64,44,229.00,731.00,2.8272,5.7439,0.9208,11870.71,0.0842,706.00,0.8424,1.4970,1.4059,2.3671,3.4529
15625,150,64,64,229.00,731.00,2.8272,5.7439,0.9230,12500.50,0.0800,709.00,0.8000,1.4383,1.3653,2.2374,2.8248
15625,150,64,83,229.00,731.00,2.8272,5.7439,0.9232,12447.85,0.0803,716.00,0.8034,1.4181,1.3542,2.2107,2.8399
15625,150,64,108,229.00,731.00,2.8272,5.7439,0.9233,12392.86,0.0807,715.00,0.8069,1.4378,1.3734,2.2305,2.7703
15625,150,64,128,229.00,731.00,2.8272,5.7439,0.9234,12078.17,0.0828,709.00,0.8279,1.4498,1.3676,2.2691,3.2376
15625,150,128,64,229.00,731.00,2.8272,5.7439,0.9660,6957.09,0.1437,705.00,1.4374,2.6659,2.5563,3.9487,5.0829
15625,150,128,89,229.00,731.00,2.8272,5.7439,0.9673,6972.76,0.1434,712.00,1.4342,2.6528,2.5541,3.9323,4.9098
15625,150,128,128,229.00,731.00,2.8272,5.7439,0.9679,6891.32,0.1451,706.00,1.4511,2.6441,2.5157,3.9378,5.7271
15625,150,128,166,229.00,731.00,2.8272,5.7439,0.9681,6859.41,0.1458,709.00,1.4579,2.6941,2.5969,3.9556,4.8058
15625,150,128,217,229.00,731.00,2.8272,5.7439,0.9681,6683.64,0.1496,710.00,1.4962,2.7633,2.6629,4.0604,5.0762
15625,150,128,256,229.00,731.00,2.8272,5.7439,0.9680,6527.43,0.1532,710.00,1.5320,2.7850,2.6642,4.0870,5.5054
15625,150,256,128,229.00,731.00,2.8272,5.7439,0.9894,3748.22,0.2668,707.00,2.6679,4.9876,4.8451,7.0893,9.0289
15625,150,256,179,229.00,731.00,2.8272,5.7439,0.9899,3636.82,0.2750,710.00,2.7497,5.0067,4.8154,7.0183,11.5187
15625,150,256,256,229.00,731.00,2.8272,5.7439,0.9900,3700.48,0.2702,707.00,2.7023,5.0907,4.9567,7.2299,8.7688
15625,150,256,332,229.00,731.00,2.8272,5.7439,0.9900,3487.60,0.2867,713.00,2.8673,5.3421,5.2197,7.4157,8.7645
15625,150,256,435,229.00,731.00,2.8272,5.7439,0.9900,3384.62,0.2955,724.00,2.9545,5.3914,5.2075,7.5620,10.9087
15625,150,256,512,229.00,731.00,2.8272,5.7439,0.9900,3409.72,0.2933,723.00,2.9328,5.4526,5.2917,7.5736,10.0304
15625,150,512,256,229.00,731.00,2.8272,5.7439,0.9973,1957.49,0.5109,707.00,5.1086,9.7088,9.5268,13.2048,15.6098
15625,150,512,358,229.00,731.00,2.8272,5.7439,0.9974,1840.89,0.5432,706.00,5.4322,10.1646,10.0057,13.7161,15.9150
15625,150,512,512,229.00,731.00,2.8272,5.7439,0.9975,1855.35,0.5390,709.00,5.3898,9.9799,9.6814,14.3167,19.0983
15625,150,512,665,229.00,731.00,2.8272,5.7439,0.9975,1849.49,0.5407,710.00,5.4069,10.2920,10.1293,13.7618,16.4160
15625,150,512,870,229.00,731.00,2.8272,5.7439,0.9975,1734.08,0.5767,715.00,5.7667,10.7593,10.5133,14.5695,18.4188
15625,150,512,1024,229.00,731.00,2.8272,5.7439,0.9975,1669.51,0.5990,716.00,5.9898,11.1201,10.9072,14.9154,18.7746
15625,150,1024,512,229.00,731.00,2.8272,5.7439,0.9992,1028.37,0.9724,724.00,9.7241,18.4741,18.1888,24.5525,28.3940
15625,150,1024,716,229.00,731.00,2.8272,5.7439,0.9992,992.95,1.0071,713.00,10.0710,18.7832,18.4362,25.6106,31.2581
15625,150,1024,1024,229.00,731.00,2.8272,5.7439,0.9991,990.54,1.0095,724.00,10.0955,19.2728,18.9967,25.5252,28.9961
15625,150,1024,1331,229.00,731.00,2.8272,5.7439,0.9991,920.61,1.0862,711.00,10.8623,20.5360,20.2875,26.5939,29.9496
15625,150,1024,1740,229.00,731.00,2.8272,5.7439,0.9991,859.70,1.1632,727.00,11.6320,22.3898,22.1582,28.3366,32.3058
15625,150,1024,2048,229.00,731.00,2.8272,5.7439,0.9991,806.29,1.2402,713.00,12.4024,23.8055,23.5416,29.9111,33.3378
15625,200,64,32,222.00,732.00,3.1865,6.1535,0.9158,11117.64,0.0899,718.00,0.8995,1.6403,1.5271,2.6345,3.8711
15625,200,64,44,222.00,732.00,3.1865,6.1535,0.9204,11891.97,0.0841,719.00,0.8409,1.4804,1.3917,2.3565,3.2672
15625,200,64,64,222.00,732.00,3.1865,6.1535,0.9222,12318.17,0.0812,715.00,0.8118,1.4253,1.3570,2.2379,2.8871
15625,200,64,83,222.00,732.00,3.1865,6.1535,0.9226,12351.84,0.0810,724.00,0.8096,1.4497,1.3808,2.2474,2.8532
15625,200,64,108,222.00,732.00,3.1865,6.1535,0.9226,11854.80,0.0844,720.00,0.8435,1.4515,1.3690,2.2999,3.0512
15625,200,64,128,222.00,732.00,3.1865,6.1535,0.9228,11736.75,0.0852,718.00,0.8520,1.4864,1.4179,2.2924,2.8108
15625,200,128,64,222.00,732.00,3.1865,6.1535,0.9663,6853.22,0.1459,716.00,1.4592,2.6720,2.5748,3.9558,4.8392
15625,200,128,89,222.00,732.00,3.1865,6.1535,0.9675,6970.18,0.1435,715.00,1.4347,2.6622,2.5564,3.9330,4.8375
15625,200,128,128,222.00,732.00,3.1865,6.1535,0.9681,6663.88,0.1501,717.00,1.5006,2.6944,2.5620,4.0710,5.6651
15625,200,128,166,222.00,732.00,3.1865,6.1535,0.9681,6653.37,0.1503,720.00,1.5030,2.7649,2.6644,4.0939,5.0996
15625,200,128,217,222.00,732.00,3.1865,6.1535,0.9682,6562.41,0.1524,718.00,1.5238,2.7731,2.6653,4.0910,5.3434
15625,200,128,256,222.00,732.00,3.1865,6.1535,0.9683,6618.53,0.1511,715.00,1.5109,2.8011,2.7032,4.0487,4.9244
15625,200,256,128,222.00,732.00,3.1865,6.1535,0.9896,3645.35,0.2743,731.00,2.7432,5.0850,4.9746,7.1897,8.5753
15625,200,256,179,222.00,732.00,3.1865,6.1535,0.9900,3594.12,0.2782,712.00,2.7823,5.0845,4.9104,7.2960,9.6374
15625,200,256,256,222.00,732.00,3.1865,6.1535,0.9902,3610.68,0.2770,720.00,2.7696,5.2109,5.0785,7.3015,8.8756
15625,200,256,332,222.00,732.00,3.1865,6.1535,0.9902,3609.03,0.2771,727.00,2.7708,5.2609,5.1500,7.3441,8.6790
15625,200,256,435,222.00,732.00,3.1865,6.1535,0.9902,3607.77,0.2772,731.00,2.7718,5.2835,5.1714,7.3066,8.7702
15625,200,256,512,222.00,732.00,3.1865,6.1535,0.9902,3494.63,0.2862,721.00,2.8615,5.4600,5.3429,7.4491,8.9217
15625,200,512,256,222.00,732.00,3.1865,6.1535,0.9974,2030.43,0.4925,719.00,4.9251,9.4607,9.3385,12.8417,14.9133
15625,200,512,358,222.00,732.00,3.1865,6.1535,0.9975,1990.64,0.5024,716.00,5.0235,9.6445,9.4960,13.0584,15.2320
15625,200,512,512,222.00,732.00,3.1865,6.1535,0.9975,1974.94,0.5063,719.00,5.0634,9.6495,9.4704,13.0553,17.2878
15625,200,512,665,222.00,732.00,3.1865,6.1535,0.9975,1939.01,0.5157,714.00,5.1573,10.0296,9.8736,13.3030,16.3656
15625,200,512,870,222.00,732.00,3.1865,6.1535,0.9975,1762.06,0.5675,717.00,5.6752,10.7595,10.6091,14.2582,16.9165
15625,200,512,1024,222.00,732.00,3.1865,6.1535,0.9975,1704.61,0.5866,713.00,5.8665,11.1624,11.0168,14.6409,16.9143
15625,200,1024,512,222.00,732.00,3.1865,6.1535,0.9992,1076.71,0.9288,730.00,9.2876,17.8671,17.6157,24.6687,30.6287
15625,200,1024,716,222.00,732.00,3.1865,6.1535,0.9992,1058.66,0.9446,731.00,9.4459,18.4886,18.2599,24.1003,28.2373
15625,200,1024,1024,222.00,732.00,3.1865,6.1535,0.9992,1002.21,0.9978,716.00,9.9780,19.2344,19.0146,24.6708,28.4714
15625,200,1024,1331,222.00,732.00,3.1865,6.1535,0.9992,950.90,1.0516,731.00,10.5164,20.2612,20.0607,25.7853,29.0188
15625,200,1024,1740,222.00,732.00,3.1865,6.1535,0.9992,851.45,1.1745,712.00,11.7447,22.2819,22.0472,27.6392,32.8736
15625,200,1024,2048,222.00,732.00,3.1865,6.1535,0.9992,799.34,1.2510,721.00,12.5103,23.9617,23.7559,29.7907,32.8232
31250,40,128,64,217.00,745.00,5.4484,9.0404,0.9467,9299.92,0.1075,743.00,1.0753,1.9595,1.8823,3.0685,3.8507
31250,40,128,89,217.00,745.00,5.4484,9.0404,0.9476,9981.23,0.1002,737.00,1.0019,1.7971,1.7719,2.5676,3.0119
31250,40,128,128,217.00,745.00,5.4484,9.0404,0.9479,10228.39,0.0978,730.00,0.9777,1.7712,1.7378,2.5114,2.9389
31250,40,128,166,217.00,745.00,5.4484,9.0404,0.9480,10077.06,0.0992,725.00,0.9924,1.7942,1.7437,2.5981,3.2854
31250,40,128,217,217.00,745.00,5.4484,9.0404,0.9480,9696.80,0.1031,731.00,1.0313,1.8530,1.8376,2.5832,3.0094
31250,40,128,256,217.00,745.00,5.4484,9.0404,0.9480,9627.88,0.1039,738.00,1.0387,1.9024,1.8860,2.6216,3.0076
31250,40,256,128,217.00,745.00,5.4484,9.0404,0.9794,5823.99,0.1717,729.00,1.7170,3.1951,3.1567,4.3974,5.0953
31250,40,256,179,217.00,745.00,5.4484,9.0404,0.9798,5696.19,0.1756,732.00,1.7556,3.2042,3.1501,4.4966,5.3793
31250,40,256,256,217.00,745.00,5.4484,9.0404,0.9798,5633.35,0.1775,728.00,1.7751,3.2891,3.2444,4.5401,5.2715
31250,40,256,332,217.00,745.00,5.4484,9.0404,0.9797,5533.12,0.1807,731.00,1.8073,3.4078,3.3544,4.6248,5.3596
31250,40,256,435,217.00,745.00,5.4484,9.0404,0.9797,5144.36,0.1944,727.00,1.9439,3.5998,3.5649,4.8197,5.4621
31250,40,256,512,217.00,745.00,5.4484,9.0404,0.9797,4918.92,0.2033,739.00,2.0330,3.7290,3.6756,5.1196,6.0359
31250,40,512,256,217.00,745.00,5.4484,9.0404,0.9938,3105.42,0.3220,743.00,3.2202,6.0442,5.9849,8.0551,8.9942
31250,40,512,358,217.00,745.00,5.4484,9.0404,0.9938,3021.90,0.3309,740.00,3.3092,6.2417,6.1929,8.2091,9.1830
31250,40,512,512,217.00,745.00,5.4484,9.0404,0.9938,2901.35,0.3447,729.00,3.4467,6.3991,6.3213,8.5695,9.8890
31250,40,512,665,217.00,745.00,5.4484,9.0404,0.9938,2805.60,0.3564,743.00,3.5643,6.7428,6.7009,8.6598,9.6266
31250,40,512,870,217.00,745.00,5.4484,9.0404,0.9938,2582.31,0.3872,740.00,3.8725,7.3441,7.2731,9.3487,10.5163
31250,40,512,1024,217.00,745.00,5.4484,9.0404,0.9938,2470.79,0.4047,729.00,4.0473,7.6444,7.5226,9.9247,12.6212
31250,40,1024,512,217.00,745.00,5.4484,9.0404,0.9980,1620.43,0.6171,743.00,6.1712,11.6032,11.4352,15.3604,17.5962
31250,40,1024,716,217.00,745.00,5.4484,9.0404,0.9981,1574.91,0.6350,725.00,6.3496,12.1391,12.1023,15.3168,16.9010
31250,40,1024,1024,217.00,745.00,5.4484,9.0404,0.9980,1487.02,0.6725,732.00,6.7249,12.7537,12.6684,16.2015,17.9305
31250,40,1024,1331,217.00,745.00,5.4484,9.0404,0.9982,1384.19,0.7224,742.00,7.2244,13.8560,13.7775,17.1902,19.0227
31250,40,1024,1740,217.00,745.00,5.4484,9.0404,0.9983,1223.83,0.8171,731.00,8.1711,15.8291,15.7234,19.0958,21.0705
31250,40,1024,2048,217.00,745.00,5.4484,9.0404,0.9983,1078.47,0.9272,742.00,9.2724,17.6581,17.4196,22.0699,25.3695
31250,40,2048,1024,217.00,745.00,5.4484,9.0404,0.9989,804.31,1.2433,843.00,12.4330,23.3980,23.4396,28.7592,31.4106
31250,40,2048,1433,217.00,745.00,5.4484,9.0404,0.9991,764.18,1.3086,847.00,13.0858,25.0608,25.0766,30.1228,32.1256
31250,40,2048,2048,217.00,745.00,5.4484,9.0404,0.9991,711.18,1.4061,838.00,14.0612,26.7548,26.8577,31.7886,34.1411
31250,40,2048,2662,217.00,745.00,5.4484,9.0404,0.9991,613.16,1.6309,848.00,16.3089,31.2188,31.1902,36.5913,39.1096
31250,40,2048,3481,217.00,745.00,5.4484,9.0404,0.9992,504.18,1.9834,861.00,19.8341,38.5575,38.5758,43.8654,46.3150
31250,40,2048,4096,217.00,745.00,5.4484,9.0404,0.9992,418.20,2.3912,861.00,23.9123,45.8268,45.9226,52.9246,55.6127
31250,100,128,64,294.00,747.00,4.3687,7.6303,0.9459,9343.26,0.1070,839.00,1.0703,1.9574,1.8828,2.9947,3.8364
31250,100,128,89,294.00,747.00,4.3687,7.6303,0.9480,10083.66,0.0992,839.00,0.9917,1.8039,1.7584,2.6238,3.1554
31250,100,128,128,294.00,747.00,4.3687,7.6303,0.9486,10007.97,0.0999,840.00,0.9992,1.8095,1.7676,2.6003,3.1117
31250,100,128,166,294.00,747.00,4.3687,7.6303,0.9487,9941.13,0.1006,842.00,1.0059,1.8016,1.7713,2.5529,2.9843
31250,100,128,217,294.00,747.00,4.3687,7.6303,0.9487,9526.88,0.1050,837.00,1.0497,1.8512,1.8035,2.6664,3.2040
31250,100,128,256,294.00,747.00,4.3687,7.6303,0.9486,9379.81,0.1066,842.00,1.0661,1.9055,1.8666,2.6842,3.1717
31250,100,256,128,294.00,747.00,4.3687,7.6303,0.9791,5754.44,0.1738,852.00,1.7378,3.2123,3.1502,4.4919,5.2911
31250,100,256,179,294.00,747.00,4.3687,7.6303,0.9797,5734.77,0.1744,842.00,1.7437,3.2532,3.2197,4.4820,5.1633
31250,100,256,256,294.00,747.00,4.3687,7.6303,0.9799,5603.10,0.1785,842.00,1.7847,3.2892,3.2443,4.5552,5.2772
31250,100,256,332,294.00,747.00,4.3687,7.6303,0.9798,5543.10,0.1804,833.00,1.8040,3.3748,3.3250,4.6299,5.4395
31250,100,256,435,294.00,747.00,4.3687,7.6303,0.9799,5316.81,0.1881,837.00,1.8808,3.5550,3.4944,4.8376,5.6188
31250,100,256,512,294.00,747.00,4.3687,7.6303,0.9799,4987.47,0.2005,833.00,2.0050,3.7144,3.6710,4.9627,5.6843
31250,100,512,256,294.00,747.00,4.3687,7.6303,0.9941,3067.32,0.3260,854.00,3.2602,6.1052,6.0517,8.1923,9.3342
31250,100,512,358,294.00,747.00,4.3687,7.6303,0.9943,3100.53,0.3225,838.00,3.2253,6.0534,5.9547,8.1943,9.9292
31250,100,512,512,294.00,747.00,4.3687,7.6303,0.9945,3023.91,0.3307,838.00,3.3070,6.2123,6.1199,8.3106,9.9858
31250,100,512,665,294.00,747.00,4.3687,7.6303,0.9945,2880.52,0.3472,842.00,3.4716,6.5946,6.5443,8.5956,9.8992
31250,100,512,870,294.00,747.00,4.3687,7.6303,0.9945,2636.06,0.3794,840.00,3.7935,7.0896,6.9901,9.3744,11.3065
31250,100,512,1024,294.00,747.00,4.3687,7.6303,0.9945,2464.42,0.4058,854.00,4.0578,7.6913,7.6518,9.7307,10.9178
31250,100,1024,512,294.00,747.00,4.3687,7.6303,0.9984,1670.69,0.5986,854.00,5.9856,11.4533,11.3638,14.9388,17.1934
31250,100,1024,716,294.00,747.00,4.3687,7.6303,0.9985,1546.06,0.6468,854.00,6.4680,12.1981,12.1973,15.4720,16.8579
31250,100,1024,1024,294.00,747.00,4.3687,7.6303,0.9985,1501.52,0.6660,835.00,6.6599,12.4758,12.3594,16.1627,18.9002
31250,100,1024,1331,294.00,747.00,4.3687,7.6303,0.9985,1390.85,0.7190,854.00,7.1898,13.6191,13.5580,17.0606,19.2747
31250,100,1024,1740,294.00,747.00,4.3687,7.6303,0.9985,1245.55,0.8029,854.00,8.0286,15.5001,15.4217,18.8338,20.7001
31250,100,1024,2048,294.00,747.00,4.3687,7.6303,0.9985,1108.94,0.9018,837.00,9.0176,17.3731,17.2967,20.7473,22.6773
31250,100,2048,1024,294.00,747.00,4.3687,7.6303,0.9993,834.51,1.1983,875.00,11.9830,23.0332,23.2316,28.0328,30.1024
31250,100,2048,1433,294.00,747.00,4.3687,7.6303,0.9993,792.43,1.2619,861.00,12.6194,24.2718,24.3199,29.0472,31.2084
31250,100,2048,2048,294.00,747.00,4.3687,7.6303,0.9993,745.76,1.3409,860.00,13.4091,25.9380,25.5597,32.2049,38.4349
31250,100,2048,2662,294.00,747.00,4.3687,7.6303,0.9993,624.20,1.6020,875.00,16.0204,30.7556,30.8517,35.7428,37.7408
31250,100,2048,3481,294.00,747.00,4.3687,7.6303,0.9993,512.68,1.9506,875.00,19.5055,38.0036,38.0885,42.9186,45.2154
31250,100,2048,4096,294.00,747.00,4.3687,7.6303,0.9993,443.79,2.2533,875.00,22.5331,44.4510,44.0635,51.2322,54.7711
31250,150,128,64,224.00,746.00,5.3052,8.6407,0.9463,9565.47,0.1045,852.00,1.0454,1.9204,1.8503,2.9062,3.4940
31250,150,128,89,224.00,746.00,5.3052,8.6407,0.9482,10351.09,0.0966,850.00,0.9661,1.7527,1.7178,2.5575,3.0685
31250,150,128,128,224.00,746.00,5.3052,8.6407,0.9486,10258.46,0.0975,850.00,0.9748,1.7338,1.6817,2.6095,3.4165
31250,150,128,166,224.00,746.00,5.3052,8.6407,0.9486,10147.62,0.0985,851.00,0.9855,1.7776,1.7549,2.5491,2.9715
31250,150,128,217,224.00,746.00,5.3052,8.6407,0.9486,9776.66,0.1023,853.00,1.0228,1.8192,1.7688,2.6548,3.3110
31250,150,128,256,224.00,746.00,5.3052,8.6407,0.9486,9605.96,0.1041,856.00,1.0410,1.8733,1.8424,2.6170,3.0856
31250,150,256,128,224.00,746.00,5.3052,8.6407,0.9796,5765.35,0.1734,852.00,1.7345,3.2007,3.1619,4.4159,5.1821
31250,150,256,179,224.00,746.00,5.3052,8.6407,0.9802,5799.53,0.1724,864.00,1.7243,3.2349,3.1906,4.4726,5.1121
31250,150,256,256,224.00,746.00,5.3052,8.6407,0.9804,5595.41,0.1787,867.00,1.7872,3.2780,3.2321,4.5277,5.2402
31250,150,256,332,224.00,746.00,5.3052,8.6407,0.9805,5474.83,0.1827,861.00,1.8265,3.3589,3.2832,4.6949,5.9782
31250,150,256,435,224.00,746.00,5.3052,8.6407,0.9805,5174.43,0.1933,867.00,1.9326,3.5937,3.5595,4.8056,5.5274
31250,150,256,512,224.00,746.00,5.3052,8.6407,0.9805,4911.43,0.2036,861.00,2.0361,3.7460,3.6598,5.1520,6.1546
31250,150,512,256,224.00,746.00,5.3052,8.6407,0.9940,3119.10,0.3206,850.00,3.2061,5.9939,5.9380,8.0375,9.3022
31250,150,512,358,224.00,746.00,5.3052,8.6407,0.9943,3025.38,0.3305,851.00,3.3054,6.2270,6.1830,8.2219,9.1952
31250,150,512,512,224.00,746.00,5.3052,8.6407,0.9943,2961.24,0.3377,851.00,3.3770,6.3367,6.2944,8.3301,9.3533
31250,150,512,665,224.00,746.00,5.3052,8.6407,0.9943,2838.01,0.3524,852.00,3.5236,6.6972,6.6428,8.7251,9.9217
31250,150,512,870,224.00,746.00,5.3052,8.6407,0.9943,2622.16,0.3814,851.00,3.8137,7.2656,7.2104,9.2191,10.2411
31250,150,512,1024,224.00,746.00,5.3052,8.6407,0.9943,2512.47,0.3980,867.00,3.9801,7.5980,7.4779,9.9171,11.7520
31250,150,1024,512,224.00,746.00,5.3052,8.6407,0.9984,1648.19,0.6067,856.00,6.0673,11.5297,11.4556,14.6491,16.4274
31250,150,1024,716,224.00,746.00,5.3052,8.6407,0.9985,1614.04,0.6196,867.00,6.1956,11.9390,11.8587,15.0685,17.1161
31250,150,1024,1024,224.00,746.00,5.3052,8.6407,0.9985,1498.21,0.6675,851.00,6.6746,12.6372,12.6521,15.7626,17.4037
31250,150,1024,1331,224.00,746.00,5.3052,8.6407,0.9985,1361.79,0.7343,866.00,7.3433,13.7146,13.5593,17.4500,22.9687
31250,150,1024,1740,224.00,746.00,5.3052,8.6407,0.9985,1216.45,0.8221,867.00,8.2206,15.7371,15.7249,18.9222,20.3948
31250,150,1024,2048,224.00,746.00,5.3052,8.6407,0.9985,1099.76,0.9093,853.00,9.0929,17.4142,17.3813,20.7404,22.3441
31250,150,2048,1024,224.00,746.00,5.3052,8.6407,0.9993,817.07,1.2239,875.00,12.2389,23.1575,23.1577,28.4324,30.4630
31250,150,2048,1433,224.00,746.00,5.3052,8.6407,0.9993,771.83,1.2956,875.00,12.9562,24.6342,24.7959,29.8438,31.8759
31250,150,2048,2048,224.00,746.00,5.3052,8.6407,0.9993,752.24,1.3294,875.00,13.2936,25.9291,25.6749,31.6262,34.8278
31250,150,2048,2662,224.00,746.00,5.3052,8.6407,0.9993,630.30,1.5865,875.00,15.8654,30.7494,30.7625,35.7126,37.7535
31250,150,2048,3481,224.00,746.00,5.3052,8.6407,0.9993,504.78,1.9810,875.00,19.8104,38.0542,37.9963,44.8099,48.6034
31250,150,2048,4096,224.00,746.00,5.3052,8.6407,0.9993,435.06,2.2985,875.00,22.9851,45.0143,45.1089,49.9840,51.9543
31250,200,128,64,193.00,743.00,6.1956,9.5626,0.9469,9277.70,0.1078,850.00,1.0779,1.9473,1.8701,2.9759,3.6623
31250,200,128,89,193.00,743.00,6.1956,9.5626,0.9483,10142.37,0.0986,855.00,0.9860,1.7857,1.7457,2.6196,3.1296
31250,200,128,128,193.00,743.00,6.1956,9.5626,0.9486,10153.07,0.0985,850.00,0.9849,1.7653,1.7246,2.5545,3.0707
31250,200,128,166,193.00,743.00,6.1956,9.5626,0.9487,9760.50,0.1025,850.00,1.0245,1.8315,1.7909,2.6366,3.1401
31250,200,128,217,193.00,743.00,6.1956,9.5626,0.9487,9600.64,0.1042,857.00,1.0416,1.8639,1.8135,2.6893,3.2462
31250,200,128,256,193.00,743.00,6.1956,9.5626,0.9487,9650.77,0.1036,848.00,1.0362,1.9071,1.8710,2.6551,3.1903
31250,200,256,128,193.00,743.00,6.1956,9.5626,0.9797,5807.14,0.1722,853.00,1.7220,3.1859,3.1391,4.4311,5.2162
31250,200,256,179,193.00,743.00,6.1956,9.5626,0.9802,5738.25,0.1743,867.00,1.7427,3.1834,3.1068,4.6182,5.8398
31250,200,256,256,193.00,743.00,6.1956,9.5626,0.9802,5694.05,0.1756,853.00,1.7562,3.2556,3.2216,4.4882,5.2151
31250,200,256,332,193.00,743.00,6.1956,9.5626,0.9803,5559.51,0.1799,849.00,1.7987,3.3474,3.2940,4.6004,5.4105
31250,200,256,435,193.00,743.00,6.1956,9.5626,0.9802,5322.99,0.1879,851.00,1.8786,3.5168,3.4596,4.8039,5.5830
31250,200,256,512,193.00,743.00,6.1956,9.5626,0.9802,5063.90,0.1975,852.00,1.9748,3.6709,3.5975,5.0335,6.1117
31250,200,512,256,193.00,743.00,6.1956,9.5626,0.9946,3055.93,0.3272,867.00,3.2723,6.0504,5.9960,8.0505,9.0641
31250,200,512,358,193.00,743.00,6.1956,9.5626,0.9947,3011.94,0.3320,855.00,3.3201,6.1061,5.9777,8.4257,10.3003
31250,200,512,512,193.00,743.00,6.1956,9.5626,0.9947,2911.87,0.3434,853.00,3.4342,6.3151,6.2127,8.5362,10.3289
31250,200,512,665,193.00,743.00,6.1956,9.5626,0.9947,2760.61,0.3622,851.00,3.6224,6.6506,6.5245,9.0167,10.8819
31250,200,512,870,193.00,743.00,6.1956,9.5626,0.9947,2592.58,0.3857,862.00,3.8572,7.1450,7.0306,9.4589,11.6994
31250,200,512,1024,193.00,743.00,6.1956,9.5626,0.9947,2467.03,0.4053,852.00,4.0535,7.5550,7.4342,9.8230,12.1336
31250,200,1024,512,193.00,743.00,6.1956,9.5626,0.9984,1614.86,0.6192,853.00,6.1925,11.5694,11.4619,14.9578,17.1148
31250,200,1024,716,193.00,743.00,6.1956,9.5626,0.9985,1573.31,0.6356,853.00,6.3560,12.0311,11.9743,15.1816,16.7889
31250,200,1024,1024,193.00,743.00,6.1956,9.5626,0.9985,1489.80,0.6712,859.00,6.7123,12.6665,12.5947,15.9026,17.5028
31250,200,1024,1331,193.00,743.00,6.1956,9.5626,0.9985,1371.16,0.7293,855.00,7.2931,13.8207,13.7751,17.2403,18.8978
31250,200,1024,1740,193.00,743.00,6.1956,9.5626,0.9985,1212.43,0.8248,868.00,8.2479,15.7845,15.7722,19.1989,20.7985
31250,200,1024,2048,193.00,743.00,6.1956,9.5626,0.9985,1126.14,0.8880,850.00,8.8799,17.3107,17.2745,20.3431,21.9021
31250,200,2048,1024,193.00,743.00,6.1956,9.5626,0.9993,857.68,1.1659,860.00,11.6594,22.6315,22.5404,27.4699,30.2755
31250,200,2048,1433,193.00,743.00,6.1956,9.5626,0.9993,794.88,1.2580,876.00,12.5804,24.1575,24.0124,29.3758,33.1761
31250,200,2048,2048,193.00,743.00,6.1956,9.5626,0.9993,737.62,1.3557,865.00,13.5571,26.0186,26.0689,30.9872,33.6455
31250,200,2048,2662,193.00,743.00,6.1956,9.5626,0.9993,635.72,1.5730,876.00,15.7301,30.5056,30.5943,35.1362,37.1560
31250,200,2048,3481,193.00,743.00,6.1956,9.5626,0.9993,513.73,1.9465,876.00,19.4653,37.9082,38.0342,43.1407,45.3860
31250,200,2048,4096,193.00,743.00,6.1956,9.5626,0.9993,436.48,2.2911,862.00,22.9105,44.7927,44.8571,49.6780,52.6560
