nlist,efconstruction,nprobe,efsearch,training_memory_mb,add_memory_mb,training_time_s,total_time_s,recall,qps,mspq,search_memory_mb,search_time_s,mean_latency_ms,p50_latency_ms,p99_latency_ms
1953,40,7,3,63.00,1240.00,1.0745,2.9318,0.7500,15765.58,0.0634,611.00,0.6343,1.0699,0.9677,3.0338
1953,40,7,7,63.00,1240.00,1.0745,2.9318,0.7615,17371.50,0.0576,610.00,0.5757,0.9597,0.8703,2.6856
1953,40,7,10,63.00,1240.00,1.0745,2.9318,0.7630,18073.94,0.0553,609.00,0.5533,0.9209,0.8346,2.5841
1953,40,7,14,63.00,1240.00,1.0745,2.9318,0.7637,17749.09,0.0563,611.00,0.5634,0.9224,0.8420,2.3557
1953,40,15,7,63.00,1240.00,1.0745,2.9318,0.8765,9650.48,0.1036,611.00,1.0362,1.8214,1.6709,5.1763
1953,40,15,15,63.00,1240.00,1.0745,2.9318,0.8812,9668.12,0.1034,618.00,1.0343,1.7955,1.6374,5.2518
1953,40,15,22,63.00,1240.00,1.0745,2.9318,0.8817,9663.37,0.1035,610.00,1.0348,1.8207,1.6828,4.4855
1953,40,15,30,63.00,1240.00,1.0745,2.9318,0.8818,9821.66,0.1018,611.00,1.0182,1.8277,1.6886,4.6107
1953,40,31,15,63.00,1240.00,1.0745,2.9318,0.9501,4958.80,0.2017,610.00,2.0166,3.6851,3.4385,8.8799
1953,40,31,31,63.00,1240.00,1.0745,2.9318,0.9516,5069.18,0.1973,611.00,1.9727,3.4967,3.2545,10.4492
1953,40,31,46,63.00,1240.00,1.0745,2.9318,0.9517,5123.77,0.1952,610.00,1.9517,3.6081,3.3604,9.5677
1953,40,31,62,63.00,1240.00,1.0745,2.9318,0.9518,5157.36,0.1939,610.00,1.9390,3.5859,3.3560,9.4553
1953,40,63,31,63.00,1240.00,1.0745,2.9318,0.9851,2611.12,0.3830,609.00,3.8298,7.0234,6.6709,22.4373
1953,40,63,63,63.00,1240.00,1.0745,2.9318,0.9856,2696.40,0.3709,618.00,3.7086,6.9601,6.6356,17.8327
1953,40,63,94,63.00,1240.00,1.0745,2.9318,0.9856,2742.16,0.3647,608.00,3.6468,6.9666,6.5742,20.9282
1953,40,63,126,63.00,1240.00,1.0745,2.9318,0.9857,2735.94,0.3655,610.00,3.6550,6.9838,6.6063,20.6178
1953,100,7,3,177.00,1247.00,0.8374,2.4299,0.6989,16424.61,0.0609,613.00,0.6088,1.0539,0.9567,3.0297
1953,100,7,7,177.00,1247.00,0.8374,2.4299,0.7500,17958.42,0.0557,613.00,0.5568,0.9371,0.8522,2.6083
1953,100,7,10,177.00,1247.00,0.8374,2.4299,0.7591,18535.45,0.0540,617.00,0.5395,0.8961,0.8088,2.6578
1953,100,7,14,177.00,1247.00,0.8374,2.4299,0.7631,18589.31,0.0538,614.00,0.5379,0.8607,0.7749,2.4971
1953,100,15,7,177.00,1247.00,0.8374,2.4299,0.8517,9899.92,0.1010,612.00,1.0101,1.7880,1.6330,5.0062
1953,100,15,15,177.00,1247.00,0.8374,2.4299,0.8769,9947.62,0.1005,611.00,1.0053,1.7986,1.6454,4.9054
1953,100,15,22,177.00,1247.00,0.8374,2.4299,0.8801,9815.89,0.1019,618.00,1.0188,1.8371,1.6959,4.5322
1953,100,15,30,177.00,1247.00,0.8374,2.4299,0.8810,10044.05,0.0996,608.00,0.9956,1.7440,1.5888,4.9476
1953,100,31,15,177.00,1247.00,0.8374,2.4299,0.9421,5270.44,0.1897,611.00,1.8974,3.5128,3.2562,9.5453
1953,100,31,31,177.00,1247.00,0.8374,2.4299,0.9512,5233.55,0.1911,616.00,1.9107,3.5165,3.2657,9.4988
1953,100,31,46,177.00,1247.00,0.8374,2.4299,0.9522,5357.13,0.1867,612.00,1.8667,3.5095,3.2625,9.5999
1953,100,31,62,177.00,1247.00,0.8374,2.4299,0.9523,5284.79,0.1892,619.00,1.8922,3.5261,3.2791,9.3660
1953,100,63,31,177.00,1247.00,0.8374,2.4299,0.9831,2712.48,0.3687,615.00,3.6867,6.8250,6.4604,20.0435
1953,100,63,63,177.00,1247.00,0.8374,2.4299,0.9857,2725.95,0.3668,619.00,3.6684,6.9476,6.5525,20.0606
1953,100,63,94,177.00,1247.00,0.8374,2.4299,0.9860,2638.23,0.3790,612.00,3.7904,6.8937,6.5057,21.5361
1953,100,63,126,177.00,1247.00,0.8374,2.4299,0.9860,2638.68,0.3790,613.00,3.7898,6.9375,6.5753,21.7393
1953,150,7,3,150.00,1248.00,0.8552,2.4533,0.7004,16013.92,0.0624,609.00,0.6245,1.0723,0.9771,2.9486
1953,150,7,7,150.00,1248.00,0.8552,2.4533,0.7512,17334.23,0.0577,609.00,0.5769,0.9798,0.8971,2.5084
1953,150,7,10,150.00,1248.00,0.8552,2.4533,0.7587,18122.43,0.0552,619.00,0.5518,0.9273,0.8475,2.5435
1953,150,7,14,150.00,1248.00,0.8552,2.4533,0.7626,18431.83,0.0543,609.00,0.5425,0.8776,0.7932,2.4843
1953,150,15,7,150.00,1248.00,0.8552,2.4533,0.8534,9184.91,0.1089,611.00,1.0887,1.8593,1.7000,5.1946
1953,150,15,15,150.00,1248.00,0.8552,2.4533,0.8778,9719.41,0.1029,610.00,1.0289,1.8224,1.6776,4.9695
1953,150,15,22,150.00,1248.00,0.8552,2.4533,0.8809,9944.01,0.1006,613.00,1.0056,1.7637,1.6103,5.1418
1953,150,15,30,150.00,1248.00,0.8552,2.4533,0.8818,10121.04,0.0988,617.00,0.9880,1.7633,1.6201,4.7326
1953,150,31,15,150.00,1248.00,0.8552,2.4533,0.9421,5244.40,0.1907,611.00,1.9068,3.5255,3.2756,9.5484
1953,150,31,31,150.00,1248.00,0.8552,2.4533,0.9515,5220.46,0.1916,616.00,1.9155,3.5803,3.3493,9.4370
1953,150,31,46,150.00,1248.00,0.8552,2.4533,0.9523,5062.05,0.1975,609.00,1.9755,3.5920,3.3359,10.6443
1953,150,31,62,150.00,1248.00,0.8552,2.4533,0.9525,5143.83,0.1944,619.00,1.9441,3.5799,3.3294,9.4445
1953,150,63,31,150.00,1248.00,0.8552,2.4533,0.9836,2701.99,0.3701,617.00,3.7010,6.8700,6.4932,21.4273
1953,150,63,63,150.00,1248.00,0.8552,2.4533,0.9858,2658.03,0.3762,610.00,3.7622,6.8964,6.5250,21.0765
1953,150,63,94,150.00,1248.00,0.8552,2.4533,0.9859,2635.95,0.3794,609.00,3.7937,6.9631,6.6018,20.8858
1953,150,63,126,150.00,1248.00,0.8552,2.4533,0.9859,2641.05,0.3786,610.00,3.7864,6.9076,6.5455,21.3922
1953,200,7,3,134.00,1251.00,0.8576,2.4721,0.7026,15547.11,0.0643,611.00,0.6432,1.0863,0.9859,3.0458
1953,200,7,7,134.00,1251.00,0.8576,2.4721,0.7522,17384.04,0.0575,611.00,0.5752,0.9581,0.8703,2.7451
1953,200,7,10,134.00,1251.00,0.8576,2.4721,0.7590,17312.20,0.0578,617.00,0.5776,0.9232,0.8319,2.7179
1953,200,7,14,134.00,1251.00,0.8576,2.4721,0.7632,17473.07,0.0572,613.00,0.5723,0.8953,0.8035,2.7251
1953,200,15,7,134.00,1251.00,0.8576,2.4721,0.8533,9419.63,0.1062,611.00,1.0616,1.8717,1.7220,4.8451
1953,200,15,15,134.00,1251.00,0.8576,2.4721,0.8787,9657.73,0.1035,612.00,1.0354,1.8094,1.6561,4.9591
1953,200,15,22,134.00,1251.00,0.8576,2.4721,0.8813,9858.06,0.1014,611.00,1.0144,1.8049,1.6531,4.7496
1953,200,15,30,134.00,1251.00,0.8576,2.4721,0.8822,9652.46,0.1036,610.00,1.0360,1.7942,1.6341,5.3074
1953,200,31,15,134.00,1251.00,0.8576,2.4721,0.9425,5133.67,0.1948,608.00,1.9479,3.5233,3.2816,10.5997
1953,200,31,31,134.00,1251.00,0.8576,2.4721,0.9519,5200.28,0.1923,619.00,1.9230,3.5034,3.2621,9.8446
1953,200,31,46,134.00,1251.00,0.8576,2.4721,0.9528,5219.93,0.1916,610.00,1.9157,3.5204,3.2916,9.3709
1953,200,31,62,134.00,1251.00,0.8576,2.4721,0.9530,5223.78,0.1914,606.00,1.9143,3.5278,3.2821,9.4322
1953,200,63,31,134.00,1251.00,0.8576,2.4721,0.9837,2723.98,0.3671,619.00,3.6711,6.9342,6.5629,14.8869
1953,200,63,63,134.00,1251.00,0.8576,2.4721,0.9862,2697.18,0.3708,612.00,3.7076,6.9277,6.5921,14.2725
1953,200,63,94,134.00,1251.00,0.8576,2.4721,0.9862,2664.33,0.3753,610.00,3.7533,6.8865,6.5356,21.5555
1953,200,63,126,134.00,1251.00,0.8576,2.4721,0.9862,2744.32,0.3644,619.00,3.6439,6.9849,6.5791,20.9230
3906,40,15,7,195.00,1238.00,1.3341,3.3165,0.8246,14074.40,0.0711,614.00,0.7105,1.2367,1.1218,3.5050
3906,40,15,15,195.00,1238.00,1.3341,3.3165,0.8307,15190.92,0.0658,612.00,0.6583,1.1322,1.0325,2.8751
3906,40,15,22,195.00,1238.00,1.3341,3.3165,0.8313,15071.37,0.0664,614.00,0.6635,1.0662,0.9794,2.6983
3906,40,15,30,195.00,1238.00,1.3341,3.3165,0.8317,15979.41,0.0626,609.00,0.6258,1.0473,0.9508,2.7821
3906,40,31,15,195.00,1238.00,1.3341,3.3165,0.9162,8831.30,0.1132,608.00,1.1323,2.0416,1.8742,5.4994
3906,40,31,31,195.00,1238.00,1.3341,3.3165,0.9184,8762.61,0.1141,612.00,1.1412,2.0119,1.8484,5.2111
3906,40,31,46,195.00,1238.00,1.3341,3.3165,0.9190,8633.52,0.1158,610.00,1.1583,2.0105,1.8465,5.5356
3906,40,31,62,195.00,1238.00,1.3341,3.3165,0.9191,9152.46,0.1093,619.00,1.0926,1.9860,1.8225,5.0431
3906,40,63,31,195.00,1238.00,1.3341,3.3165,0.9668,4765.84,0.2098,615.00,2.0983,3.8362,3.5974,10.0711
3906,40,63,63,195.00,1238.00,1.3341,3.3165,0.9679,4809.77,0.2079,613.00,2.0791,3.8668,3.5871,9.5932
3906,40,63,94,195.00,1238.00,1.3341,3.3165,0.9680,4891.52,0.2044,613.00,2.0444,3.8891,3.6281,9.3094
3906,40,63,126,195.00,1238.00,1.3341,3.3165,0.9680,4766.47,0.2098,617.00,2.0980,3.8553,3.6099,10.0117
3906,40,127,63,195.00,1238.00,1.3341,3.3165,0.9898,2524.98,0.3960,613.00,3.9604,7.5572,7.1775,19.2779
3906,40,127,127,195.00,1238.00,1.3341,3.3165,0.9900,2592.00,0.3858,608.00,3.8580,7.4979,7.0937,19.3624
3906,40,127,190,195.00,1238.00,1.3341,3.3165,0.9900,2517.51,0.3972,620.00,3.9722,7.5550,7.1509,19.4027
3906,40,127,254,195.00,1238.00,1.3341,3.3165,0.9900,2517.27,0.3973,611.00,3.9726,7.6491,7.2441,18.4516
3906,100,15,7,167.00,1235.00,1.0660,2.7911,0.8018,14275.78,0.0700,610.00,0.7005,1.2271,1.1188,3.2334
3906,100,15,15,167.00,1235.00,1.0660,2.7911,0.8286,15811.12,0.0632,614.00,0.6325,1.0950,0.9939,2.8114
3906,100,15,22,167.00,1235.00,1.0660,2.7911,0.8318,16164.99,0.0619,611.00,0.6186,1.0539,0.9591,2.7594
3906,100,15,30,167.00,1235.00,1.0660,2.7911,0.8324,16135.93,0.0620,610.00,0.6197,1.0368,0.9445,2.7086
3906,100,31,15,167.00,1235.00,1.0660,2.7911,0.9084,8953.08,0.1117,611.00,1.1169,2.0523,1.8754,5.2207
3906,100,31,31,167.00,1235.00,1.0660,2.7911,0.9190,9117.89,0.1097,613.00,1.0967,2.0114,1.8449,4.9651
3906,100,31,46,167.00,1235.00,1.0660,2.7911,0.9203,8908.69,0.1123,611.00,1.1225,1.9684,1.8008,5.5755
3906,100,31,62,167.00,1235.00,1.0660,2.7911,0.9207,9187.52,0.1088,613.00,1.0884,1.9955,1.8325,4.7810
3906,100,63,31,167.00,1235.00,1.0660,2.7911,0.9656,4692.78,0.2131,615.00,2.1309,3.8518,3.5973,10.3650
3906,100,63,63,167.00,1235.00,1.0660,2.7911,0.9698,4817.51,0.2076,619.00,2.0758,3.8955,3.6208,10.4647
3906,100,63,94,167.00,1235.00,1.0660,2.7911,0.9702,4753.30,0.2104,616.00,2.1038,3.9295,3.6617,9.4217
3906,100,63,126,167.00,1235.00,1.0660,2.7911,0.9703,4622.80,0.2163,614.00,2.1632,3.9115,3.6531,10.8552
3906,100,127,63,167.00,1235.00,1.0660,2.7911,0.9903,2408.76,0.4152,617.00,4.1515,7.6659,7.2717,21.6945
3906,100,127,127,167.00,1235.00,1.0660,2.7911,0.9916,2452.08,0.4078,610.00,4.0782,7.5194,7.1307,20.0150
3906,100,127,190,167.00,1235.00,1.0660,2.7911,0.9917,2397.62,0.4171,608.00,4.1708,7.8983,7.5338,18.3256
3906,100,127,254,167.00,1235.00,1.0660,2.7911,0.9917,2414.32,0.4142,609.00,4.1420,7.6625,7.2713,20.0659
3906,150,15,7,166.00,1237.00,1.1449,2.8765,0.8024,14069.02,0.0711,609.00,0.7108,1.2445,1.1288,3.4526
3906,150,15,15,166.00,1237.00,1.1449,2.8765,0.8296,15423.61,0.0648,610.00,0.6484,1.1232,1.0166,3.1543
3906,150,15,22,166.00,1237.00,1.1449,2.8765,0.8331,15177.17,0.0659,610.00,0.6589,1.1090,1.0005,3.0747
3906,150,15,30,166.00,1237.00,1.1449,2.8765,0.8339,16021.83,0.0624,610.00,0.6241,1.0521,0.9570,2.6643
3906,150,31,15,166.00,1237.00,1.1449,2.8765,0.9084,8658.85,0.1155,608.00,1.1549,2.0750,1.9120,5.1860
3906,150,31,31,166.00,1237.00,1.1449,2.8765,0.9195,8857.99,0.1129,609.00,1.1289,2.0479,1.8745,4.9565
3906,150,31,46,166.00,1237.00,1.1449,2.8765,0.9208,8617.44,0.1160,610.00,1.1604,2.0457,1.8645,5.5962
3906,150,31,62,166.00,1237.00,1.1449,2.8765,0.9210,8613.79,0.1161,606.00,1.1609,2.0662,1.9043,4.8873
3906,150,63,31,166.00,1237.00,1.1449,2.8765,0.9664,4571.84,0.2187,610.00,2.1873,3.9377,3.6509,10.8436
3906,150,63,63,166.00,1237.00,1.1449,2.8765,0.9703,4723.27,0.2117,606.00,2.1172,3.9294,3.6576,10.0972
3906,150,63,94,166.00,1237.00,1.1449,2.8765,0.9705,4714.14,0.2121,607.00,2.1213,3.8947,3.6498,10.2551
3906,150,63,126,166.00,1237.00,1.1449,2.8765,0.9705,4658.71,0.2147,607.00,2.1465,3.9614,3.7244,9.1459
3906,150,127,63,166.00,1237.00,1.1449,2.8765,0.9911,2456.47,0.4071,609.00,4.0709,7.5211,7.1462,21.6128
3906,150,127,127,166.00,1237.00,1.1449,2.8765,0.9919,2414.12,0.4142,607.00,4.1423,7.6365,7.2339,21.0539
3906,150,127,190,166.00,1237.00,1.1449,2.8765,0.9919,2326.74,0.4298,614.00,4.2979,7.7877,7.3703,20.8360
3906,150,127,254,166.00,1237.00,1.1449,2.8765,0.9919,2429.10,0.4117,619.00,4.1167,7.6714,7.2847,19.7259
3906,200,15,7,122.00,1237.00,1.2128,2.9506,0.8044,13794.21,0.0725,608.00,0.7249,1.2613,1.1462,3.4823
3906,200,15,15,122.00,1237.00,1.2128,2.9506,0.8292,15262.79,0.0655,612.00,0.6552,1.1197,1.0239,2.8394
3906,200,15,22,122.00,1237.00,1.2128,2.9506,0.8326,15884.96,0.0630,612.00,0.6295,1.0628,0.9700,2.8158
3906,200,15,30,122.00,1237.00,1.2128,2.9506,0.8340,15706.77,0.0637,614.00,0.6367,1.0707,0.9701,2.9357
3906,200,31,15,122.00,1237.00,1.2128,2.9506,0.9103,8767.40,0.1141,611.00,1.1406,2.0607,1.9003,4.9910
3906,200,31,31,122.00,1237.00,1.2128,2.9506,0.9205,9008.73,0.1110,615.00,1.1100,2.0195,1.8545,5.0958
3906,200,31,46,122.00,1237.00,1.2128,2.9506,0.9217,9115.03,0.1097,610.00,1.0971,1.9951,1.8194,5.1582
3906,200,31,62,122.00,1237.00,1.2128,2.9506,0.9220,9120.95,0.1096,614.00,1.0964,2.0253,1.8512,5.1912
3906,200,63,31,122.00,1237.00,1.2128,2.9506,0.9669,4674.92,0.2139,618.00,2.1391,3.9930,3.7421,9.5618
3906,200,63,63,122.00,1237.00,1.2128,2.9506,0.9706,4593.74,0.2177,620.00,2.1769,3.9388,3.6635,10.5488
3906,200,63,94,122.00,1237.00,1.2128,2.9506,0.9707,4696.49,0.2129,612.00,2.1293,3.9639,3.7191,9.6250
3906,200,63,126,122.00,1237.00,1.2128,2.9506,0.9707,4506.27,0.2219,612.00,2.2191,4.0653,3.8076,9.3550
3906,200,127,63,122.00,1237.00,1.2128,2.9506,0.9907,2528.86,0.3954,620.00,3.9544,7.5676,7.1688,18.7834
3906,200,127,127,122.00,1237.00,1.2128,2.9506,0.9916,2558.25,0.3909,610.00,3.9089,7.5762,7.1968,19.2509
3906,200,127,190,122.00,1237.00,1.2128,2.9506,0.9917,2519.61,0.3969,610.00,3.9689,7.6263,7.2256,19.1867
3906,200,127,254,122.00,1237.00,1.2128,2.9506,0.9917,2472.95,0.4044,610.00,4.0437,7.5952,7.2577,19.1057
7812,40,31,15,130.00,1224.00,1.7346,4.0584,0.8771,12574.75,0.0795,611.00,0.7952,1.4326,1.3155,3.5426
7812,40,31,31,130.00,1224.00,1.7346,4.0584,0.8816,13828.79,0.0723,611.00,0.7231,1.2698,1.1698,2.9001
7812,40,31,46,130.00,1224.00,1.7346,4.0584,0.8818,13669.04,0.0732,612.00,0.7316,1.2557,1.1511,3.2975
7812,40,31,62,130.00,1224.00,1.7346,4.0584,0.8820,13874.80,0.0721,613.00,0.7207,1.2365,1.1377,3.0117
7812,40,63,31,130.00,1224.00,1.7346,4.0584,0.9457,8027.84,0.1246,609.00,1.2457,2.3049,2.1316,5.4369
7812,40,63,63,130.00,1224.00,1.7346,4.0584,0.9471,7994.25,0.1251,609.00,1.2509,2.2983,2.1388,5.0652
7812,40,63,94,130.00,1224.00,1.7346,4.0584,0.9473,7792.42,0.1283,611.00,1.2833,2.3088,2.1494,5.5708
7812,40,63,126,130.00,1224.00,1.7346,4.0584,0.9473,7920.68,0.1263,610.00,1.2625,2.3550,2.1890,5.3483
7812,40,127,63,130.00,1224.00,1.7346,4.0584,0.9811,4239.84,0.2359,610.00,2.3586,4.3745,4.1066,10.8413
7812,40,127,127,130.00,1224.00,1.7346,4.0584,0.9815,4275.71,0.2339,609.00,2.3388,4.4525,4.2105,9.8591
7812,40,127,190,130.00,1224.00,1.7346,4.0584,0.9815,4257.05,0.2349,609.00,2.3490,4.4636,4.2369,9.7015
7812,40,127,254,130.00,1224.00,1.7346,4.0584,0.9815,4067.07,0.2459,612.00,2.4588,4.5462,4.3059,9.9938
7812,40,255,127,130.00,1224.00,1.7346,4.0584,0.9951,2218.69,0.4507,611.00,4.5072,8.5947,8.2815,17.9858
7812,40,255,255,130.00,1224.00,1.7346,4.0584,0.9953,2208.85,0.4527,627.00,4.5272,8.6287,8.3445,16.9799
7812,40,255,382,130.00,1224.00,1.7346,4.0584,0.9953,2158.08,0.4634,624.00,4.6337,8.8518,8.5582,17.3905
7812,40,255,510,130.00,1224.00,1.7346,4.0584,0.9954,2117.25,0.4723,626.00,4.7231,9.0996,8.7782,19.3059
7812,100,31,15,192.00,1223.00,1.5187,3.3968,0.8675,12105.91,0.0826,621.00,0.8260,1.4672,1.3391,3.8927
7812,100,31,31,192.00,1223.00,1.5187,3.3968,0.8807,12934.75,0.0773,618.00,0.7731,1.3558,1.2419,3.3912
7812,100,31,46,192.00,1223.00,1.5187,3.3968,0.8826,13830.57,0.0723,615.00,0.7230,1.2805,1.1833,2.9341
7812,100,31,62,192.00,1223.00,1.5187,3.3968,0.8830,13682.29,0.0731,616.00,0.7309,1.2508,1.1569,2.8374
7812,100,63,31,192.00,1223.00,1.5187,3.3968,0.9420,7521.55,0.1330,613.00,1.3295,2.3995,2.2247,5.6691
7812,100,63,63,192.00,1223.00,1.5187,3.3968,0.9477,7460.22,0.1340,615.00,1.3404,2.3799,2.2008,5.8143
7812,100,63,94,192.00,1223.00,1.5187,3.3968,0.9480,7465.15,0.1340,617.00,1.3396,2.3808,2.2010,5.8331
7812,100,63,126,192.00,1223.00,1.5187,3.3968,0.9480,7454.66,0.1341,616.00,1.3414,2.4640,2.3053,5.3688
7812,100,127,63,192.00,1223.00,1.5187,3.3968,0.9810,4115.04,0.2430,615.00,2.4301,4.5997,4.3686,9.4857
7812,100,127,127,192.00,1223.00,1.5187,3.3968,0.9824,4115.71,0.2430,615.00,2.4297,4.5667,4.3440,9.8047
7812,100,127,190,192.00,1223.00,1.5187,3.3968,0.9824,4057.93,0.2464,621.00,2.4643,4.6588,4.4312,10.0709
7812,100,127,254,192.00,1223.00,1.5187,3.3968,0.9824,4102.47,0.2438,618.00,2.4376,4.5513,4.3198,10.6868
7812,100,255,127,192.00,1223.00,1.5187,3.3968,0.9951,2207.95,0.4529,618.00,4.5291,8.5767,8.2290,20.1141
7812,100,255,255,192.00,1223.00,1.5187,3.3968,0.9956,2145.46,0.4661,622.00,4.6610,8.8792,8.5586,18.4158
7812,100,255,382,192.00,1223.00,1.5187,3.3968,0.9956,2116.84,0.4724,621.00,4.7240,8.9626,8.6703,17.2825
7812,100,255,510,192.00,1223.00,1.5187,3.3968,0.9956,2057.34,0.4861,632.00,4.8606,9.1127,8.7517,20.6985
7812,150,31,15,174.00,1224.00,1.6738,3.5753,0.8685,11932.45,0.0838,622.00,0.8381,1.4581,1.3327,3.9571
7812,150,31,31,174.00,1224.00,1.6738,3.5753,0.8802,13383.36,0.0747,623.00,0.7472,1.3157,1.2081,3.1372
7812,150,31,46,174.00,1224.00,1.6738,3.5753,0.8815,13506.25,0.0740,620.00,0.7404,1.2865,1.1948,3.0445
7812,150,31,62,174.00,1224.00,1.6738,3.5753,0.8817,13461.25,0.0743,623.00,0.7429,1.2738,1.1771,2.8269
7812,150,63,31,174.00,1224.00,1.6738,3.5753,0.9431,7259.64,0.1377,622.00,1.3775,2.4668,2.3088,5.1438
7812,150,63,63,174.00,1224.00,1.6738,3.5753,0.9476,7254.86,0.1378,621.00,1.3784,2.4366,2.2446,6.0927
7812,150,63,94,174.00,1224.00,1.6738,3.5753,0.9480,7212.61,0.1386,621.00,1.3865,2.4170,2.2260,6.0168
7812,150,63,126,174.00,1224.00,1.6738,3.5753,0.9479,7366.84,0.1357,619.00,1.3574,2.4926,2.3445,5.2140
7812,150,127,63,174.00,1224.00,1.6738,3.5753,0.9813,4116.09,0.2429,616.00,2.4295,4.5591,4.3282,9.7113
7812,150,127,127,174.00,1224.00,1.6738,3.5753,0.9826,4079.43,0.2451,618.00,2.4513,4.5436,4.2777,10.7361
7812,150,127,190,174.00,1224.00,1.6738,3.5753,0.9826,4063.21,0.2461,618.00,2.4611,4.6347,4.4030,9.8404
7812,150,127,254,174.00,1224.00,1.6738,3.5753,0.9826,3954.65,0.2529,620.00,2.5287,4.6635,4.4264,10.4229
7812,150,255,127,174.00,1224.00,1.6738,3.5753,0.9949,2135.68,0.4682,621.00,4.6823,8.6509,8.3253,19.5152
7812,150,255,255,174.00,1224.00,1.6738,3.5753,0.9950,2135.86,0.4682,623.00,4.6820,8.7322,8.3601,21.0861
7812,150,255,382,174.00,1224.00,1.6738,3.5753,0.9950,2178.67,0.4590,633.00,4.5900,8.9004,8.5936,17.7829
7812,150,255,510,174.00,1224.00,1.6738,3.5753,0.9950,2130.48,0.4694,618.00,4.6938,9.1099,8.7877,18.0893
7812,200,31,15,170.00,1223.00,1.8315,3.7492,0.8694,12414.19,0.0806,625.00,0.8055,1.4083,1.2896,3.6640
7812,200,31,31,170.00,1223.00,1.8315,3.7492,0.8806,13602.73,0.0735,620.00,0.7351,1.2726,1.1693,3.2923
7812,200,31,46,170.00,1223.00,1.8315,3.7492,0.8820,14037.81,0.0712,620.00,0.7124,1.2421,1.1496,2.8723
7812,200,31,62,170.00,1223.00,1.8315,3.7492,0.8825,14184.07,0.0705,624.00,0.7050,1.2414,1.1417,2.8142
7812,200,63,31,170.00,1223.00,1.8315,3.7492,0.9428,7751.00,0.1290,618.00,1.2902,2.3101,2.1416,5.5459
7812,200,63,63,170.00,1223.00,1.8315,3.7492,0.9477,8037.80,0.1244,624.00,1.2441,2.3052,2.1436,5.2395
7812,200,63,94,170.00,1223.00,1.8315,3.7492,0.9481,7751.15,0.1290,620.00,1.2901,2.3529,2.2084,4.9031
7812,200,63,126,170.00,1223.00,1.8315,3.7492,0.9481,7695.58,0.1299,624.00,1.2994,2.3325,2.1641,5.6918
7812,200,127,63,170.00,1223.00,1.8315,3.7492,0.9810,4231.67,0.2363,618.00,2.3631,4.3646,4.1206,10.5108
7812,200,127,127,170.00,1223.00,1.8315,3.7492,0.9824,4269.74,0.2342,620.00,2.3421,4.3820,4.1413,9.9338
7812,200,127,190,170.00,1223.00,1.8315,3.7492,0.9825,4148.77,0.2410,619.00,2.4104,4.5252,4.3093,9.0752
7812,200,127,254,170.00,1223.00,1.8315,3.7492,0.9825,3987.54,0.2508,623.00,2.5078,4.7084,4.4810,9.1734
7812,200,255,127,170.00,1223.00,1.8315,3.7492,0.9953,2171.64,0.4605,625.00,4.6048,8.4903,8.1302,21.4897
7812,200,255,255,170.00,1223.00,1.8315,3.7492,0.9955,2158.27,0.4633,622.00,4.6333,8.6065,8.2145,20.6462
7812,200,255,382,170.00,1223.00,1.8315,3.7492,0.9955,2231.48,0.4481,635.00,4.4813,8.6234,8.3385,16.4804
7812,200,255,510,170.00,1223.00,1.8315,3.7492,0.9955,2123.01,0.4710,636.00,4.7103,8.8231,8.4846,20.4005
15625,40,64,32,209.00,1214.00,2.6243,5.0185,0.9194,10510.68,0.0951,635.00,0.9514,1.7197,1.6112,4.0665
15625,40,64,64,209.00,1214.00,2.6243,5.0185,0.9214,11501.74,0.0869,627.00,0.8694,1.5943,1.5092,3.2852
15625,40,64,96,209.00,1214.00,2.6243,5.0185,0.9219,11432.42,0.0875,629.00,0.8747,1.5305,1.4436,3.3833
15625,40,64,128,209.00,1214.00,2.6243,5.0185,0.9219,11413.85,0.0876,631.00,0.8761,1.5541,1.4729,3.1543
15625,40,128,64,209.00,1214.00,2.6243,5.0185,0.9662,6592.82,0.1517,630.00,1.5168,2.7937,2.6713,5.7448
15625,40,128,128,209.00,1214.00,2.6243,5.0185,0.9670,6561.43,0.1524,632.00,1.5241,2.8035,2.6748,5.9516
15625,40,128,192,209.00,1214.00,2.6243,5.0185,0.9670,6392.36,0.1564,643.00,1.5644,2.8777,2.7550,5.9149
15625,40,128,256,209.00,1214.00,2.6243,5.0185,0.9670,6321.80,0.1582,633.00,1.5818,2.9521,2.8426,5.4515
15625,40,256,128,209.00,1214.00,2.6243,5.0185,0.9899,3520.88,0.2840,633.00,2.8402,5.3048,5.1349,10.3203
15625,40,256,256,209.00,1214.00,2.6243,5.0185,0.9900,3530.94,0.2832,628.00,2.8321,5.3354,5.1584,10.4506
15625,40,256,384,209.00,1214.00,2.6243,5.0185,0.9901,3371.41,0.2966,631.00,2.9661,5.6432,5.5104,9.7112
15625,40,256,512,209.00,1214.00,2.6243,5.0185,0.9901,3305.62,0.3025,644.00,3.0251,5.7750,5.6415,9.7111
15625,40,512,256,209.00,1214.00,2.6243,5.0185,0.9970,1910.35,0.5235,647.00,5.2347,10.1743,9.9763,17.2927
15625,40,512,512,209.00,1214.00,2.6243,5.0185,0.9970,1886.18,0.5302,666.00,5.3017,10.3309,10.1329,16.8534
15625,40,512,768,209.00,1214.00,2.6243,5.0185,0.9970,1716.64,0.5825,650.00,5.8253,11.0402,10.8165,17.8235
15625,40,512,1024,209.00,1214.00,2.6243,5.0185,0.9971,1574.26,0.6352,657.00,6.3522,12.0536,11.8546,18.2629
15625,100,64,32,222.00,1217.00,2.3993,4.4536,0.9156,10078.92,0.0992,660.00,0.9922,1.8115,1.6984,4.0588
15625,100,64,64,222.00,1217.00,2.3993,4.4536,0.9221,10903.03,0.0917,653.00,0.9172,1.6565,1.5739,3.3626
15625,100,64,96,222.00,1217.00,2.3993,4.4536,0.9227,11092.38,0.0902,658.00,0.9015,1.6016,1.5145,3.2274
15625,100,64,128,222.00,1217.00,2.3993,4.4536,0.9230,11309.24,0.0884,654.00,0.8842,1.6020,1.5169,3.2418
15625,100,128,64,222.00,1217.00,2.3993,4.4536,0.9657,6160.87,0.1623,653.00,1.6231,3.0334,2.9127,5.8985
15625,100,128,128,222.00,1217.00,2.3993,4.4536,0.9679,6170.53,0.1621,669.00,1.6206,2.9845,2.8594,5.7242
15625,100,128,192,222.00,1217.00,2.3993,4.4536,0.9681,6125.40,0.1633,659.00,1.6325,2.9468,2.8074,6.3510
15625,100,128,256,222.00,1217.00,2.3993,4.4536,0.9682,5948.11,0.1681,654.00,1.6812,3.1016,2.9892,5.7682
15625,100,256,128,222.00,1217.00,2.3993,4.4536,0.9890,3413.70,0.2929,655.00,2.9294,5.5887,5.4112,9.7247
15625,100,256,256,222.00,1217.00,2.3993,4.4536,0.9899,3352.91,0.2982,652.00,2.9825,5.6737,5.5193,9.8701
15625,100,256,384,222.00,1217.00,2.3993,4.4536,0.9899,3222.73,0.3103,655.00,3.1030,5.8492,5.6940,9.8276
15625,100,256,512,222.00,1217.00,2.3993,4.4536,0.9899,3163.03,0.3162,655.00,3.1615,6.0032,5.8543,10.2353
15625,100,512,256,222.00,1217.00,2.3993,4.4536,0.9973,1803.04,0.5546,663.00,5.5462,10.4081,10.1663,20.1542
15625,100,512,512,222.00,1217.00,2.3993,4.4536,0.9974,1798.48,0.5560,675.00,5.5603,10.7302,10.5153,18.3354
15625,100,512,768,222.00,1217.00,2.3993,4.4536,0.9974,1722.15,0.5807,664.00,5.8067,11.2640,11.0298,18.6982
15625,100,512,1024,222.00,1217.00,2.3993,4.4536,0.9974,1610.71,0.6208,659.00,6.2084,11.8360,11.6065,23.0445
15625,150,64,32,178.00,1215.00,2.8208,4.9218,0.9159,10037.90,0.0996,663.00,0.9962,1.7951,1.6776,4.1298
15625,150,64,64,178.00,1215.00,2.8208,4.9218,0.9221,10993.31,0.0910,669.00,0.9096,1.6303,1.5463,3.4186
15625,150,64,96,178.00,1215.00,2.8208,4.9218,0.9227,11058.16,0.0904,666.00,0.9043,1.6058,1.5294,3.3322
15625,150,64,128,178.00,1215.00,2.8208,4.9218,0.9228,11147.59,0.0897,664.00,0.8971,1.6055,1.5203,3.3327
15625,150,128,64,178.00,1215.00,2.8208,4.9218,0.9658,6209.56,0.1610,665.00,1.6104,2.9302,2.7801,6.2648
15625,150,128,128,178.00,1215.00,2.8208,4.9218,0.9680,6160.62,0.1623,664.00,1.6232,2.9607,2.8258,5.9495
15625,150,128,192,178.00,1215.00,2.8208,4.9218,0.9681,6227.30,0.1606,666.00,1.6058,2.9831,2.8719,5.6109
15625,150,128,256,178.00,1215.00,2.8208,4.9218,0.9682,6073.81,0.1646,668.00,1.6464,3.0765,2.9448,5.9067
15625,150,256,128,178.00,1215.00,2.8208,4.9218,0.9893,3422.93,0.2921,664.00,2.9215,5.5116,5.3146,10.8158
15625,150,256,256,178.00,1215.00,2.8208,4.9218,0.9900,3393.53,0.2947,667.00,2.9468,5.6572,5.4917,10.0597
15625,150,256,384,178.00,1215.00,2.8208,4.9218,0.9900,3245.06,0.3082,665.00,3.0816,5.8805,5.7312,10.1797
15625,150,256,512,178.00,1215.00,2.8208,4.9218,0.9900,3184.03,0.3141,662.00,3.1407,6.0032,5.8459,10.1431
15625,150,512,256,178.00,1215.00,2.8208,4.9218,0.9973,1819.68,0.5495,661.00,5.4955,10.5237,10.3286,17.0980
15625,150,512,512,178.00,1215.00,2.8208,4.9218,0.9975,1776.52,0.5629,664.00,5.6290,10.7892,10.5738,17.7804
15625,150,512,768,178.00,1215.00,2.8208,4.9218,0.9975,1675.97,0.5967,664.00,5.9667,11.2524,11.0135,19.8196
15625,150,512,1024,178.00,1215.00,2.8208,4.9218,0.9975,1598.62,0.6255,678.00,6.2554,11.9180,11.7130,19.6724
15625,200,64,32,183.00,1214.00,3.1256,5.2473,0.9166,9960.14,0.1004,665.00,1.0040,1.8220,1.7042,4.2846
15625,200,64,64,183.00,1214.00,3.1256,5.2473,0.9223,10892.05,0.0918,662.00,0.9181,1.6342,1.5334,3.7439
15625,200,64,96,183.00,1214.00,3.1256,5.2473,0.9224,11197.65,0.0893,666.00,0.8930,1.6178,1.5296,3.3548
15625,200,64,128,183.00,1214.00,3.1256,5.2473,0.9225,11007.45,0.0908,667.00,0.9085,1.6063,1.5341,3.1156
15625,200,128,64,183.00,1214.00,3.1256,5.2473,0.9670,6169.13,0.1621,667.00,1.6210,2.9597,2.8084,6.4888
15625,200,128,128,183.00,1214.00,3.1256,5.2473,0.9687,6153.20,0.1625,670.00,1.6252,3.0165,2.8918,5.8011
15625,200,128,192,183.00,1214.00,3.1256,5.2473,0.9688,6005.20,0.1665,666.00,1.6652,3.0273,2.8757,6.3340
15625,200,128,256,183.00,1214.00,3.1256,5.2473,0.9687,5883.32,0.1700,663.00,1.6997,3.1485,3.0290,5.7364
15625,200,256,128,183.00,1214.00,3.1256,5.2473,0.9898,3298.01,0.3032,667.00,3.0321,5.5117,5.2814,11.6929
15625,200,256,256,183.00,1214.00,3.1256,5.2473,0.9903,3332.35,0.3001,667.00,3.0009,5.6375,5.4805,9.9151
15625,200,256,384,183.00,1214.00,3.1256,5.2473,0.9903,3176.61,0.3148,663.00,3.1480,5.8811,5.7479,10.0795
15625,200,256,512,183.00,1214.00,3.1256,5.2473,0.9903,3128.95,0.3196,665.00,3.1960,6.0289,5.8814,10.2026
15625,200,512,256,183.00,1214.00,3.1256,5.2473,0.9974,1773.86,0.5637,664.00,5.6374,10.5990,10.4302,17.0721
15625,200,512,512,183.00,1214.00,3.1256,5.2473,0.9975,1746.93,0.5724,681.00,5.7243,10.8993,10.7041,17.4755
15625,200,512,768,183.00,1214.00,3.1256,5.2473,0.9975,1662.79,0.6014,681.00,6.0140,11.2858,10.9947,20.6057
15625,200,512,1024,183.00,1214.00,3.1256,5.2473,0.9975,1580.15,0.6329,667.00,6.3285,12.1478,11.9963,18.6436
31250,40,128,64,215.00,1217.00,5.3955,8.1359,0.9448,8888.55,0.1125,683.00,1.1250,2.0469,1.9636,3.8784
31250,40,128,128,215.00,1217.00,5.3955,8.1359,0.9464,9510.23,0.1051,681.00,1.0515,1.8953,1.8465,3.5220
31250,40,128,192,215.00,1217.00,5.3955,8.1359,0.9466,9201.38,0.1087,697.00,1.0868,1.9335,1.8921,3.3398
31250,40,128,256,215.00,1217.00,5.3955,8.1359,0.9466,8902.74,0.1123,690.00,1.1233,2.0049,1.9578,3.4281
31250,40,256,128,215.00,1217.00,5.3955,8.1359,0.9794,5445.66,0.1836,685.00,1.8363,3.3697,3.3095,5.6449
31250,40,256,256,215.00,1217.00,5.3955,8.1359,0.9799,5357.75,0.1866,685.00,1.8665,3.4641,3.4048,5.5803
31250,40,256,384,215.00,1217.00,5.3955,8.1359,0.9799,5031.94,0.1987,685.00,1.9873,3.7042,3.6530,5.7268
31250,40,256,512,215.00,1217.00,5.3955,8.1359,0.9798,4761.30,0.2100,682.00,2.1003,3.9436,3.8930,6.1576
31250,40,512,256,215.00,1217.00,5.3955,8.1359,0.9945,2924.45,0.3419,683.00,3.4194,6.4034,6.3442,9.8064
31250,40,512,512,215.00,1217.00,5.3955,8.1359,0.9945,2786.42,0.3589,700.00,3.5888,6.6434,6.5587,10.6359
31250,40,512,768,215.00,1217.00,5.3955,8.1359,0.9945,2550.04,0.3922,694.00,3.9215,7.2820,7.2026,11.0238
31250,40,512,1024,215.00,1217.00,5.3955,8.1359,0.9945,2350.33,0.4255,686.00,4.2547,8.0959,8.0428,11.3634
31250,40,1024,512,215.00,1217.00,5.3955,8.1359,0.9984,1521.25,0.6574,728.00,6.5736,12.3309,12.2550,18.4858
31250,40,1024,1024,215.00,1217.00,5.3955,8.1359,0.9984,1452.51,0.6885,740.00,6.8847,13.2222,13.0944,19.0036
31250,40,1024,1536,215.00,1217.00,5.3955,8.1359,0.9985,1244.53,0.8035,747.00,8.0352,15.3091,15.3071,20.2851
31250,40,1024,2048,215.00,1217.00,5.3955,8.1359,0.9985,1057.14,0.9460,740.00,9.4595,18.0587,17.8933,24.6774
31250,100,128,64,177.00,1218.00,4.4220,6.7895,0.9454,8495.86,0.1177,737.00,1.1770,2.1761,2.0811,4.1071
31250,100,128,128,177.00,1218.00,4.4220,6.7895,0.9484,8929.92,0.1120,738.00,1.1198,1.9741,1.9155,3.8398
31250,100,128,192,177.00,1218.00,4.4220,6.7895,0.9487,8764.28,0.1141,739.00,1.1410,2.0732,2.0308,3.5899
31250,100,128,256,177.00,1218.00,4.4220,6.7895,0.9486,8503.51,0.1176,748.00,1.1760,2.1192,2.0608,3.7327
31250,100,256,128,177.00,1218.00,4.4220,6.7895,0.9790,5144.76,0.1944,742.00,1.9437,3.6099,3.5401,6.0113
31250,100,256,256,177.00,1218.00,4.4220,6.7895,0.9800,5155.78,0.1940,740.00,1.9396,3.6412,3.5742,6.1219
31250,100,256,384,177.00,1218.00,4.4220,6.7895,0.9801,4836.53,0.2068,739.00,2.0676,3.8774,3.8322,6.1954
31250,100,256,512,177.00,1218.00,4.4220,6.7895,0.9801,4534.10,0.2206,737.00,2.2055,4.0599,3.9803,6.5974
31250,100,512,256,177.00,1218.00,4.4220,6.7895,0.9938,2817.95,0.3549,754.00,3.5487,6.7521,6.6860,10.4674
31250,100,512,512,177.00,1218.00,4.4220,6.7895,0.9942,2755.80,0.3629,754.00,3.6287,6.9655,6.8670,11.1774
31250,100,512,768,177.00,1218.00,4.4220,6.7895,0.9943,2546.51,0.3927,737.00,3.9269,7.4770,7.3394,12.4176
31250,100,512,1024,177.00,1218.00,4.4220,6.7895,0.9943,2275.28,0.4395,739.00,4.3951,8.2700,8.1168,14.0848
31250,100,1024,512,177.00,1218.00,4.4220,6.7895,0.9984,1447.07,0.6911,741.00,6.9105,13.1238,13.0254,19.2770
31250,100,1024,1024,177.00,1218.00,4.4220,6.7895,0.9985,1382.82,0.7232,751.00,7.2316,13.7814,13.6347,20.0701
31250,100,1024,1536,177.00,1218.00,4.4220,6.7895,0.9985,1203.43,0.8310,750.00,8.3096,15.9034,15.8531,21.6681
31250,100,1024,2048,177.00,1218.00,4.4220,6.7895,0.9985,1045.21,0.9567,750.00,9.5675,18.4462,18.3486,24.3820
31250,150,128,64,192.00,1218.00,5.3145,7.7330,0.9470,8507.15,0.1175,749.00,1.1755,2.1689,2.0808,4.1157
31250,150,128,128,192.00,1218.00,5.3145,7.7330,0.9492,9307.46,0.1074,745.00,1.0744,1.9903,1.9390,3.5390
31250,150,128,192,192.00,1218.00,5.3145,7.7330,0.9493,9078.48,0.1102,746.00,1.1015,1.9984,1.9567,3.4460
31250,150,128,256,192.00,1218.00,5.3145,7.7330,0.9493,8665.99,0.1154,742.00,1.1539,2.1012,2.0616,3.5731
31250,150,256,128,192.00,1218.00,5.3145,7.7330,0.9795,5199.02,0.1923,749.00,1.9234,3.5660,3.5058,5.7951
31250,150,256,256,192.00,1218.00,5.3145,7.7330,0.9803,5201.55,0.1923,744.00,1.9225,3.5961,3.5333,5.9428
31250,150,256,384,192.00,1218.00,5.3145,7.7330,0.9803,4844.61,0.2064,745.00,2.0641,3.8509,3.7933,6.0137
31250,150,256,512,192.00,1218.00,5.3145,7.7330,0.9803,4583.20,0.2182,746.00,2.1819,4.0192,3.9459,6.6054
31250,150,512,256,192.00,1218.00,5.3145,7.7330,0.9942,2765.16,0.3616,747.00,3.6164,6.7847,6.7018,10.5405
31250,150,512,512,192.00,1218.00,5.3145,7.7330,0.9945,2704.43,0.3698,744.00,3.6976,6.9304,6.8164,11.1603
31250,150,512,768,192.00,1218.00,5.3145,7.7330,0.9946,2473.46,0.4043,756.00,4.0429,7.6620,7.6093,11.1469
31250,150,512,1024,192.00,1218.00,5.3145,7.7330,0.9946,2290.90,0.4365,744.00,4.3651,8.3460,8.2842,11.8788
31250,150,1024,512,192.00,1218.00,5.3145,7.7330,0.9983,1465.33,0.6824,749.00,6.8244,12.8897,12.8326,18.3781
31250,150,1024,1024,192.00,1218.00,5.3145,7.7330,0.9984,1383.53,0.7228,749.00,7.2279,13.7668,13.7548,19.0082
31250,150,1024,1536,192.00,1218.00,5.3145,7.7330,0.9984,1255.85,0.7963,766.00,7.9627,15.4543,15.1879,23.4830
31250,150,1024,2048,192.00,1218.00,5.3145,7.7330,0.9984,1070.26,0.9344,753.00,9.3435,18.1375,18.0405,25.0577
31250,200,128,64,211.00,1220.00,6.1158,8.5881,0.9461,9390.24,0.1065,764.00,1.0649,1.9583,1.8927,3.4925
31250,200,128,128,211.00,1220.00,6.1158,8.5881,0.9480,9931.98,0.1007,762.00,1.0068,1.8163,1.7797,3.1592
31250,200,128,192,211.00,1220.00,6.1158,8.5881,0.9482,9794.68,0.1021,759.00,1.0210,1.8451,1.8108,3.1952
31250,200,128,256,211.00,1220.00,6.1158,8.5881,0.9483,9493.06,0.1053,753.00,1.0534,1.9074,1.8589,3.3165
31250,200,256,128,211.00,1220.00,6.1158,8.5881,0.9792,5728.77,0.1746,764.00,1.7456,3.2496,3.1951,5.3030
31250,200,256,256,211.00,1220.00,6.1158,8.5881,0.9799,5541.92,0.1804,758.00,1.8044,3.3422,3.2911,5.5147
31250,200,256,384,211.00,1220.00,6.1158,8.5881,0.9800,5168.12,0.1935,757.00,1.9349,3.5644,3.5334,5.5552
31250,200,256,512,211.00,1220.00,6.1158,8.5881,0.9800,4822.52,0.2074,747.00,2.0736,3.7758,3.7036,6.1919
31250,200,512,256,211.00,1220.00,6.1158,8.5881,0.9942,3168.48,0.3156,766.00,3.1561,6.0129,5.8542,10.3573
31250,200,512,512,211.00,1220.00,6.1158,8.5881,0.9945,3003.90,0.3329,756.00,3.3290,6.3095,6.1813,10.0466
31250,200,512,768,211.00,1220.00,6.1158,8.5881,0.9945,2771.21,0.3609,755.00,3.6085,6.8854,6.8269,10.2275
31250,200,512,1024,211.00,1220.00,6.1158,8.5881,0.9945,2491.73,0.4013,751.00,4.0133,7.6401,7.5225,12.2134
31250,200,1024,512,211.00,1220.00,6.1158,8.5881,0.9984,1633.86,0.6120,748.00,6.1205,11.6534,11.5845,17.1209
31250,200,1024,1024,211.00,1220.00,6.1158,8.5881,0.9985,1509.88,0.6623,753.00,6.6230,12.6103,12.5646,17.5350
31250,200,1024,1536,211.00,1220.00,6.1158,8.5881,0.9985,1318.10,0.7587,756.00,7.5867,14.6509,14.6139,19.2497
31250,200,1024,2048,211.00,1220.00,6.1158,8.5881,0.9985,1116.69,0.8955,766.00,8.9550,17.3584,17.3352,21.8742
