M,efconstruction,efsearch,training_memory_mb,add_memory_mb,training_time_s,total_time_s,recall,qps,mspq,search_memory_mb,search_time_s,mean_latency_ms,p50_latency_ms,p99_latency_ms
4,40,20,11.00,1063.00,0.0000,7.4042,0.4739,171957.00,0.0058,598.00,0.0582,0.1045,0.0917,0.2295
4,40,28,11.00,1063.00,0.0000,7.4042,0.5307,151602.88,0.0066,598.00,0.0660,0.1210,0.1115,0.2641
4,40,36,11.00,1063.00,0.0000,7.4042,0.5715,137223.03,0.0073,598.00,0.0729,0.1360,0.1302,0.2526
4,40,40,11.00,1063.00,0.0000,7.4042,0.5877,124891.05,0.0080,598.00,0.0801,0.1500,0.1404,0.3076
4,40,44,11.00,1063.00,0.0000,7.4042,0.6022,118393.79,0.0084,599.00,0.0845,0.1552,0.1489,0.2846
4,40,52,11.00,1063.00,0.0000,7.4042,0.6281,104867.14,0.0095,599.00,0.0954,0.1746,0.1674,0.3328
4,40,60,11.00,1063.00,0.0000,7.4042,0.6492,98344.04,0.0102,599.00,0.1017,0.1925,0.1870,0.3230
4,40,68,11.00,1063.00,0.0000,7.4042,0.6660,88493.20,0.0113,599.00,0.1130,0.2104,0.2045,0.3730
4,40,80,11.00,1063.00,0.0000,7.4042,0.6885,77792.96,0.0129,599.00,0.1285,0.2398,0.2325,0.4446
4,80,40,40.00,1066.00,0.0000,11.7798,0.6346,118291.55,0.0085,599.00,0.0845,0.1553,0.1495,0.2662
4,80,56,40.00,1066.00,0.0000,11.7798,0.6873,96904.01,0.0103,599.00,0.1032,0.1946,0.1861,0.3554
4,80,72,40.00,1066.00,0.0000,11.7798,0.7246,81371.74,0.0123,599.00,0.1229,0.2287,0.2225,0.4039
4,80,80,40.00,1066.00,0.0000,11.7798,0.7382,74938.96,0.0133,599.00,0.1334,0.2520,0.2435,0.4646
4,80,88,40.00,1066.00,0.0000,11.7798,0.7508,53077.14,0.0188,599.00,0.1884,0.2708,0.2609,0.4558
4,80,104,40.00,1066.00,0.0000,11.7798,0.7720,60750.32,0.0165,599.00,0.1646,0.3083,0.3015,0.5570
4,80,120,40.00,1066.00,0.0000,11.7798,0.7887,53855.53,0.0186,599.00,0.1857,0.3424,0.3390,0.5260
4,80,136,40.00,1066.00,0.0000,11.7798,0.8019,48374.22,0.0207,599.00,0.2067,0.3831,0.3797,0.6557
4,80,160,40.00,1066.00,0.0000,11.7798,0.8179,42382.75,0.0236,599.00,0.2359,0.4425,0.4402,0.6832
4,120,60,54.00,1066.00,0.0000,16.2866,0.7199,89185.04,0.0112,599.00,0.1121,0.2056,0.1958,0.4064
4,120,84,54.00,1066.00,0.0000,16.2866,0.7657,72379.00,0.0138,599.00,0.1382,0.2603,0.2559,0.4027
4,120,108,54.00,1066.00,0.0000,16.2866,0.7976,58134.63,0.0172,599.00,0.1720,0.3192,0.3159,0.4687
4,120,120,54.00,1066.00,0.0000,16.2866,0.8092,54413.11,0.0184,599.00,0.1838,0.3486,0.3447,0.5822
4,120,132,54.00,1066.00,0.0000,16.2866,0.8194,50267.80,0.0199,599.00,0.1989,0.3765,0.3749,0.5271
4,120,156,54.00,1066.00,0.0000,16.2866,0.8371,43443.25,0.0230,599.00,0.2302,0.4334,0.4338,0.5810
4,120,180,54.00,1066.00,0.0000,16.2866,0.8510,38232.91,0.0262,599.00,0.2616,0.4959,0.4943,0.8317
4,120,204,54.00,1066.00,0.0000,16.2866,0.8618,34388.86,0.0291,599.00,0.2908,0.5514,0.5526,0.7488
4,120,240,54.00,1066.00,0.0000,16.2866,0.8748,29426.02,0.0340,599.00,0.3398,0.6401,0.6425,0.8608
4,160,80,54.00,1070.00,0.0000,20.2040,0.7701,72939.68,0.0137,599.00,0.1371,0.2574,0.2488,0.4618
4,160,112,54.00,1070.00,0.0000,20.2040,0.8120,56945.15,0.0176,599.00,0.1756,0.3308,0.3276,0.4809
4,160,144,54.00,1070.00,0.0000,20.2040,0.8395,46692.08,0.0214,599.00,0.2142,0.4079,0.4063,0.5828
4,160,160,54.00,1070.00,0.0000,20.2040,0.8496,42104.15,0.0238,599.00,0.2375,0.4479,0.4475,0.6302
4,160,176,54.00,1070.00,0.0000,20.2040,0.8585,38769.29,0.0258,599.00,0.2579,0.4865,0.4870,0.6717
4,160,208,54.00,1070.00,0.0000,20.2040,0.8729,32953.65,0.0303,600.00,0.3035,0.5654,0.5662,0.7618
4,160,240,54.00,1070.00,0.0000,20.2040,0.8837,29189.03,0.0343,600.00,0.3426,0.6468,0.6456,1.1297
4,160,272,54.00,1070.00,0.0000,20.2040,0.8925,25981.93,0.0385,600.00,0.3849,0.7218,0.7247,0.9422
4,160,320,54.00,1070.00,0.0000,20.2040,0.9037,22142.60,0.0452,600.00,0.4516,0.8471,0.8477,1.3603
4,200,100,58.00,1070.00,0.0000,25.5996,0.8054,60365.24,0.0166,600.00,0.1657,0.3080,0.2986,0.5660
4,200,140,58.00,1070.00,0.0000,25.5996,0.8442,46460.26,0.0215,600.00,0.2152,0.4021,0.3985,0.6812
4,200,180,58.00,1070.00,0.0000,25.5996,0.8689,37572.06,0.0266,600.00,0.2662,0.5029,0.5037,0.6764
4,200,200,58.00,1070.00,0.0000,25.5996,0.8777,33789.34,0.0296,600.00,0.2960,0.5528,0.5517,0.8273
4,200,220,58.00,1070.00,0.0000,25.5996,0.8852,31360.86,0.0319,600.00,0.3189,0.6047,0.6035,1.0344
4,200,260,58.00,1070.00,0.0000,25.5996,0.8963,26912.10,0.0372,600.00,0.3716,0.7011,0.6984,1.1846
4,200,300,58.00,1070.00,0.0000,25.5996,0.9051,23328.42,0.0429,600.00,0.4287,0.8135,0.8157,1.1057
4,200,340,58.00,1070.00,0.0000,25.5996,0.9125,20858.29,0.0479,600.00,0.4794,0.9146,0.9209,1.1433
4,200,400,58.00,1070.00,0.0000,25.5996,0.9217,17283.12,0.0579,600.00,0.5786,1.1057,1.1026,1.9078
8,40,20,58.00,1100.00,0.0000,10.4242,0.6895,129196.38,0.0077,630.00,0.0774,0.1467,0.1409,0.2756
8,40,28,58.00,1100.00,0.0000,10.4242,0.7505,80565.94,0.0124,630.00,0.1241,0.1862,0.1787,0.3357
8,40,36,58.00,1100.00,0.0000,10.4242,0.7899,69863.89,0.0143,630.00,0.1431,0.2199,0.2096,0.4088
8,40,40,58.00,1100.00,0.0000,10.4242,0.8052,63833.83,0.0157,630.00,0.1567,0.2453,0.2294,0.5179
8,40,44,58.00,1100.00,0.0000,10.4242,0.8188,67968.98,0.0147,630.00,0.1471,0.2414,0.2350,0.4055
8,40,52,58.00,1100.00,0.0000,10.4242,0.8416,62921.16,0.0159,630.00,0.1589,0.2741,0.2674,0.4679
8,40,60,58.00,1100.00,0.0000,10.4242,0.8595,61607.67,0.0162,630.00,0.1623,0.3084,0.3071,0.5125
8,40,68,58.00,1100.00,0.0000,10.4242,0.8736,53794.59,0.0186,630.00,0.1859,0.3392,0.3415,0.5450
8,40,80,58.00,1100.00,0.0000,10.4242,0.8903,49126.55,0.0204,630.00,0.2036,0.3875,0.3905,0.6160
8,80,40,58.00,1100.00,0.0000,18.6072,0.8489,75591.96,0.0132,630.00,0.1323,0.2489,0.2473,0.3984
8,80,56,58.00,1100.00,0.0000,18.6072,0.8910,59231.49,0.0169,630.00,0.1688,0.3183,0.3193,0.5041
8,80,72,58.00,1100.00,0.0000,18.6072,0.9159,48713.91,0.0205,630.00,0.2053,0.3885,0.3924,0.5984
8,80,80,58.00,1100.00,0.0000,18.6072,0.9247,45158.22,0.0221,630.00,0.2214,0.4218,0.4268,0.6589
8,80,88,58.00,1100.00,0.0000,18.6072,0.9324,41740.29,0.0240,630.00,0.2396,0.4561,0.4633,0.6866
8,80,104,58.00,1100.00,0.0000,18.6072,0.9439,35824.48,0.0279,630.00,0.2791,0.5275,0.5362,0.7779
8,80,120,58.00,1100.00,0.0000,18.6072,0.9527,32161.01,0.0311,630.00,0.3109,0.5885,0.6005,0.8016
8,80,136,58.00,1100.00,0.0000,18.6072,0.9592,29084.06,0.0344,630.00,0.3438,0.6534,0.6666,0.9099
8,80,160,58.00,1100.00,0.0000,18.6072,0.9667,25266.93,0.0396,630.00,0.3958,0.7500,0.7662,1.0119
8,120,60,58.00,1100.00,0.0000,26.5268,0.9098,55236.79,0.0181,630.00,0.1810,0.3467,0.3487,0.5427
8,120,84,58.00,1100.00,0.0000,26.5268,0.9386,41828.71,0.0239,630.00,0.2391,0.4545,0.4620,0.6208
8,120,108,58.00,1100.00,0.0000,26.5268,0.9550,34060.60,0.0294,630.00,0.2936,0.5582,0.5672,0.7872
8,120,120,58.00,1100.00,0.0000,26.5268,0.9609,31398.90,0.0318,630.00,0.3185,0.6077,0.6199,0.8070
8,120,132,58.00,1100.00,0.0000,26.5268,0.9649,28832.59,0.0347,630.00,0.3468,0.6581,0.6710,0.9208
8,120,156,58.00,1100.00,0.0000,26.5268,0.9714,24863.61,0.0402,630.00,0.4022,0.7578,0.7731,1.0774
8,120,180,58.00,1100.00,0.0000,26.5268,0.9765,22227.63,0.0450,630.00,0.4499,0.8560,0.8736,1.1595
8,120,204,58.00,1100.00,0.0000,26.5268,0.9802,19362.54,0.0516,630.00,0.5165,0.9635,0.9853,1.2680
8,120,240,58.00,1100.00,0.0000,26.5268,0.9842,16478.58,0.0607,630.00,0.6068,1.1125,1.1338,1.4962
8,160,80,58.00,1100.00,0.0000,33.9129,0.9382,42880.37,0.0233,630.00,0.2332,0.4432,0.4480,0.6866
8,160,112,58.00,1100.00,0.0000,33.9129,0.9591,32678.28,0.0306,630.00,0.3060,0.5819,0.5931,0.7747
8,160,144,58.00,1100.00,0.0000,33.9129,0.9709,26281.98,0.0380,630.00,0.3805,0.7276,0.7431,0.9823
8,160,160,58.00,1100.00,0.0000,33.9129,0.9753,24171.34,0.0414,630.00,0.4137,0.7860,0.8030,1.0576
8,160,176,58.00,1100.00,0.0000,33.9129,0.9784,22220.05,0.0450,630.00,0.4500,0.8546,0.8736,1.1341
8,160,208,58.00,1100.00,0.0000,33.9129,0.9829,19238.57,0.0520,630.00,0.5198,0.9863,1.0092,1.2892
8,160,240,58.00,1100.00,0.0000,33.9129,0.9863,16969.29,0.0589,630.00,0.5893,1.1147,1.1400,1.4533
8,160,272,58.00,1100.00,0.0000,33.9129,0.9883,15014.80,0.0666,630.00,0.6660,1.2476,1.2742,1.6453
8,160,320,58.00,1100.00,0.0000,33.9129,0.9908,12819.31,0.0780,630.00,0.7801,1.4383,1.4648,1.9729
8,200,100,58.00,1100.00,0.0000,38.3120,0.9557,35637.20,0.0281,630.00,0.2806,0.5358,0.5441,0.7956
8,200,140,58.00,1100.00,0.0000,38.3120,0.9724,26511.16,0.0377,630.00,0.3772,0.7086,0.7236,0.9263
8,200,180,58.00,1100.00,0.0000,38.3120,0.9806,21497.12,0.0465,630.00,0.4652,0.8875,0.9047,1.2176
8,200,200,58.00,1100.00,0.0000,38.3120,0.9832,19738.09,0.0507,630.00,0.5066,0.9618,0.9817,1.2722
8,200,220,58.00,1100.00,0.0000,38.3120,0.9856,18125.60,0.0552,630.00,0.5517,1.0444,1.0671,1.3684
8,200,260,58.00,1100.00,0.0000,38.3120,0.9888,15665.37,0.0638,630.00,0.6384,1.2048,1.2291,1.5609
8,200,300,58.00,1100.00,0.0000,38.3120,0.9910,13484.79,0.0742,630.00,0.7416,1.3735,1.4023,1.7942
8,200,340,58.00,1100.00,0.0000,38.3120,0.9925,12099.38,0.0826,630.00,0.8265,1.5264,1.5566,1.9948
8,200,400,58.00,1100.00,0.0000,38.3120,0.9942,10425.27,0.0959,630.00,0.9592,1.7667,1.7977,2.3130
16,40,20,58.00,1161.00,0.0000,12.3342,0.7708,100237.88,0.0100,691.00,0.0998,0.1883,0.1835,0.3289
16,40,28,58.00,1161.00,0.0000,12.3342,0.8239,81666.02,0.0122,691.00,0.1224,0.2321,0.2312,0.3723
16,40,36,58.00,1161.00,0.0000,12.3342,0.8582,67157.52,0.0149,691.00,0.1489,0.2803,0.2776,0.5031
16,40,40,58.00,1161.00,0.0000,12.3342,0.8714,63273.69,0.0158,691.00,0.1580,0.2972,0.2993,0.4634
16,40,44,58.00,1161.00,0.0000,12.3342,0.8818,59079.35,0.0169,691.00,0.1693,0.3196,0.3231,0.5060
16,40,52,58.00,1161.00,0.0000,12.3342,0.8996,52546.10,0.0190,691.00,0.1903,0.3613,0.3676,0.5221
16,40,60,58.00,1161.00,0.0000,12.3342,0.9134,46807.76,0.0214,691.00,0.2136,0.4034,0.4096,0.6123
16,40,68,58.00,1161.00,0.0000,12.3342,0.9249,41661.56,0.0240,691.00,0.2400,0.4601,0.4574,0.9673
16,40,80,58.00,1161.00,0.0000,12.3342,0.9374,37334.51,0.0268,691.00,0.2678,0.5065,0.5159,0.7875
16,80,40,58.00,1161.00,0.0000,22.1419,0.9146,52850.16,0.0189,691.00,0.1892,0.3600,0.3568,0.7165
16,80,56,58.00,1161.00,0.0000,22.1419,0.9441,42658.05,0.0234,691.00,0.2344,0.4482,0.4581,0.6605
16,80,72,58.00,1161.00,0.0000,22.1419,0.9614,34580.66,0.0289,691.00,0.2892,0.5474,0.5619,0.7693
16,80,80,58.00,1161.00,0.0000,22.1419,0.9672,31956.52,0.0313,691.00,0.3129,0.5961,0.6127,0.8354
16,80,88,58.00,1161.00,0.0000,22.1419,0.9714,29562.74,0.0338,691.00,0.3383,0.6446,0.6613,0.9049
16,80,104,58.00,1161.00,0.0000,22.1419,0.9776,25846.85,0.0387,691.00,0.3869,0.7361,0.7578,1.0279
16,80,120,58.00,1161.00,0.0000,22.1419,0.9824,22951.73,0.0436,691.00,0.4357,0.8280,0.8518,1.1553
16,80,136,58.00,1161.00,0.0000,22.1419,0.9858,20598.13,0.0485,691.00,0.4855,0.9188,0.9461,1.2948
16,80,160,58.00,1161.00,0.0000,22.1419,0.9890,17946.60,0.0557,691.00,0.5572,1.0553,1.0865,1.4788
16,120,60,58.00,1161.00,0.0000,35.1161,0.9591,37755.85,0.0265,691.00,0.2649,0.5073,0.5181,0.7592
16,120,84,58.00,1161.00,0.0000,35.1161,0.9761,28708.93,0.0348,691.00,0.3483,0.6626,0.6802,0.9238
16,120,108,58.00,1161.00,0.0000,35.1161,0.9842,23385.83,0.0428,691.00,0.4276,0.8074,0.8213,1.2515
16,120,120,58.00,1161.00,0.0000,35.1161,0.9870,21532.59,0.0464,691.00,0.4644,0.8774,0.9018,1.2350
16,120,132,58.00,1161.00,0.0000,35.1161,0.9891,19787.43,0.0505,691.00,0.5054,0.9527,0.9768,1.3592
16,120,156,58.00,1161.00,0.0000,35.1161,0.9919,18255.14,0.0548,691.00,0.5478,1.0259,1.0068,1.9482
16,120,180,58.00,1161.00,0.0000,35.1161,0.9937,15411.67,0.0649,691.00,0.6489,1.2186,1.2512,1.7121
16,120,204,58.00,1161.00,0.0000,35.1161,0.9951,13804.88,0.0724,691.00,0.7244,1.3588,1.3942,1.9278
16,120,240,58.00,1161.00,0.0000,35.1161,0.9965,12031.64,0.0831,691.00,0.8311,1.5607,1.5990,2.2459
16,160,80,58.00,1161.00,0.0000,47.8361,0.9775,28837.55,0.0347,691.00,0.3468,0.6587,0.6751,0.9429
16,160,112,58.00,1161.00,0.0000,47.8361,0.9877,21955.89,0.0455,691.00,0.4555,0.8624,0.8850,1.2328
16,160,144,58.00,1161.00,0.0000,47.8361,0.9926,17875.98,0.0559,691.00,0.5594,1.0488,1.0409,1.8770
16,160,160,58.00,1161.00,0.0000,47.8361,0.9940,16176.00,0.0618,691.00,0.6182,1.1631,1.1927,1.6830
16,160,176,58.00,1161.00,0.0000,47.8361,0.9951,15107.42,0.0662,691.00,0.6619,1.2464,1.2812,1.7651
16,160,208,58.00,1161.00,0.0000,47.8361,0.9966,13146.15,0.0761,691.00,0.7607,1.4301,1.4699,2.0175
16,160,240,58.00,1161.00,0.0000,47.8361,0.9975,11662.17,0.0857,691.00,0.8575,1.6095,1.6489,2.2692
16,160,272,58.00,1161.00,0.0000,47.8361,0.9980,10530.65,0.0950,691.00,0.9496,1.7831,1.8303,2.5129
16,160,320,58.00,1161.00,0.0000,47.8361,0.9987,9211.20,0.1086,691.00,1.0856,2.0351,2.0915,2.8570
16,200,100,58.00,1161.00,0.0000,59.1437,0.9865,23388.48,0.0428,691.00,0.4276,0.8076,0.8316,1.1390
16,200,140,58.00,1161.00,0.0000,59.1437,0.9930,17670.35,0.0566,691.00,0.5659,1.0670,1.0970,1.5193
16,200,180,58.00,1161.00,0.0000,59.1437,0.9957,14414.08,0.0694,691.00,0.6938,1.3054,1.3455,1.8228
16,200,200,58.00,1161.00,0.0000,59.1437,0.9964,13229.95,0.0756,691.00,0.7559,1.4249,1.4673,1.9916
16,200,220,58.00,1161.00,0.0000,59.1437,0.9971,12112.95,0.0826,691.00,0.8256,1.5501,1.5943,2.1815
16,200,260,58.00,1161.00,0.0000,59.1437,0.9979,10550.91,0.0948,691.00,0.9478,1.7732,1.8198,2.5416
16,200,300,58.00,1161.00,0.0000,59.1437,0.9984,9451.20,0.1058,691.00,1.0581,1.9829,2.0384,2.7861
16,200,340,58.00,1161.00,0.0000,59.1437,0.9988,8527.08,0.1173,691.00,1.1727,2.1953,2.2497,3.1870
16,200,400,58.00,1161.00,0.0000,59.1437,0.9989,7495.26,0.1334,691.00,1.3342,2.4950,2.5563,3.5166
24,40,20,58.00,1222.00,0.0000,20.6135,0.8579,66327.03,0.0151,752.00,0.1508,0.2901,0.2875,0.4702
24,40,28,58.00,1222.00,0.0000,20.6135,0.9005,52063.80,0.0192,752.00,0.1921,0.3620,0.3647,0.5619
24,40,36,58.00,1222.00,0.0000,20.6135,0.9261,43155.49,0.0232,752.00,0.2317,0.4364,0.4429,0.6631
24,40,40,58.00,1222.00,0.0000,20.6135,0.9355,40030.19,0.0250,752.00,0.2498,0.4716,0.4793,0.7202
24,40,44,58.00,1222.00,0.0000,20.6135,0.9434,37333.47,0.0268,752.00,0.2679,0.5059,0.5169,0.7460
24,40,52,58.00,1222.00,0.0000,20.6135,0.9553,32872.26,0.0304,752.00,0.3042,0.5741,0.5889,0.8161
24,40,60,58.00,1222.00,0.0000,20.6135,0.9642,29457.15,0.0339,752.00,0.3395,0.6416,0.6594,0.9150
24,40,68,58.00,1222.00,0.0000,20.6135,0.9702,26652.91,0.0375,752.00,0.3752,0.7102,0.7298,1.0099
24,40,80,58.00,1222.00,0.0000,20.6135,0.9764,23405.93,0.0427,752.00,0.4272,0.8062,0.8317,1.1382
24,80,40,58.00,1222.00,0.0000,27.7443,0.9292,48419.37,0.0207,752.00,0.2065,0.3905,0.3969,0.6065
24,80,56,58.00,1222.00,0.0000,27.7443,0.9553,37207.22,0.0269,752.00,0.2688,0.5039,0.5151,0.7507
24,80,72,58.00,1222.00,0.0000,27.7443,0.9694,30595.54,0.0327,752.00,0.3268,0.6126,0.6287,0.8945
24,80,80,58.00,1222.00,0.0000,27.7443,0.9740,28187.03,0.0355,752.00,0.3548,0.6679,0.6856,0.9808
24,80,88,58.00,1222.00,0.0000,27.7443,0.9776,26057.48,0.0384,752.00,0.3838,0.7201,0.7400,1.0493
24,80,104,58.00,1222.00,0.0000,27.7443,0.9827,22844.33,0.0438,752.00,0.4377,0.8217,0.8467,1.1811
24,80,120,58.00,1222.00,0.0000,27.7443,0.9868,20274.66,0.0493,752.00,0.4932,0.9242,0.9535,1.3347
24,80,136,58.00,1222.00,0.0000,27.7443,0.9894,18349.32,0.0545,752.00,0.5450,1.0253,1.0548,1.5999
24,80,160,58.00,1222.00,0.0000,27.7443,0.9923,16044.35,0.0623,752.00,0.6233,1.1681,1.2047,1.6835
24,120,60,58.00,1222.00,0.0000,38.5451,0.9687,32725.56,0.0306,752.00,0.3056,0.5792,0.5939,0.8623
24,120,84,58.00,1222.00,0.0000,38.5451,0.9826,24925.35,0.0401,752.00,0.4012,0.7561,0.7785,1.0955
24,120,108,58.00,1222.00,0.0000,38.5451,0.9891,20336.82,0.0492,752.00,0.4917,0.9276,0.9553,1.3559
24,120,120,58.00,1222.00,0.0000,38.5451,0.9911,18816.81,0.0531,752.00,0.5314,1.0063,1.0378,1.4581
24,120,132,58.00,1222.00,0.0000,38.5451,0.9926,16820.95,0.0594,752.00,0.5945,1.1037,1.1027,2.1050
24,120,156,58.00,1222.00,0.0000,38.5451,0.9949,15112.65,0.0662,752.00,0.6617,1.2283,1.2344,2.0155
24,120,180,58.00,1222.00,0.0000,38.5451,0.9960,13417.78,0.0745,752.00,0.7453,1.3906,1.4292,2.0266
24,120,204,58.00,1222.00,0.0000,38.5451,0.9968,12130.49,0.0824,752.00,0.8244,1.5395,1.5836,2.2304
24,120,240,58.00,1222.00,0.0000,38.5451,0.9978,10597.07,0.0944,752.00,0.9437,1.7535,1.7958,2.6147
24,160,80,58.00,1222.00,0.0000,49.6728,0.9840,24593.77,0.0407,752.00,0.4066,0.7633,0.7867,1.1228
24,160,112,58.00,1222.00,0.0000,49.6728,0.9916,18803.82,0.0532,752.00,0.5318,0.9977,1.0285,1.4438
24,160,144,58.00,1222.00,0.0000,49.6728,0.9949,15302.51,0.0653,752.00,0.6535,1.2213,1.2554,1.7705
24,160,160,58.00,1222.00,0.0000,49.6728,0.9959,13897.20,0.0720,752.00,0.7196,1.3332,1.3752,1.9262
24,160,176,58.00,1222.00,0.0000,49.6728,0.9966,13011.56,0.0769,752.00,0.7685,1.4339,1.4765,2.0821
24,160,208,58.00,1222.00,0.0000,49.6728,0.9975,11241.06,0.0890,752.00,0.8896,1.6465,1.6914,2.3825
24,160,240,58.00,1222.00,0.0000,49.6728,0.9981,10070.77,0.0993,752.00,0.9930,1.8428,1.8932,2.6791
24,160,272,58.00,1222.00,0.0000,49.6728,0.9984,9152.46,0.1093,752.00,1.0926,2.0263,2.0793,2.9687
24,160,320,58.00,1222.00,0.0000,49.6728,0.9988,8049.59,0.1242,752.00,1.2423,2.3016,2.3581,3.3481
24,200,100,58.00,1222.00,0.0000,56.5904,0.9912,19873.57,0.0503,752.00,0.5032,0.9428,0.9698,1.3716
24,200,140,58.00,1222.00,0.0000,56.5904,0.9957,15040.52,0.0665,752.00,0.6649,1.2344,1.2746,1.7809
24,200,180,58.00,1222.00,0.0000,56.5904,0.9975,12293.78,0.0813,752.00,0.8134,1.5110,1.5576,2.1947
24,200,200,58.00,1222.00,0.0000,56.5904,0.9980,11296.68,0.0885,752.00,0.8852,1.6490,1.6992,2.3932
24,200,220,58.00,1222.00,0.0000,56.5904,0.9983,10473.25,0.0955,752.00,0.9548,1.7740,1.8219,2.5824
24,200,260,58.00,1222.00,0.0000,56.5904,0.9987,9181.38,0.1089,752.00,1.0892,2.0228,2.0767,2.9627
24,200,300,58.00,1222.00,0.0000,56.5904,0.9989,8177.27,0.1223,752.00,1.2229,2.2641,2.3214,3.3218
24,200,340,58.00,1222.00,0.0000,56.5904,0.9991,7401.29,0.1351,752.00,1.3511,2.4958,2.5575,3.6777
24,200,400,58.00,1222.00,0.0000,56.5904,0.9992,6443.74,0.1552,752.00,1.5519,2.8513,2.9092,4.2087
32,40,20,58.00,1283.00,0.0000,23.7692,0.8910,55066.57,0.0182,813.00,0.1816,0.3454,0.3444,0.5496
32,40,28,58.00,1283.00,0.0000,23.7692,0.9266,43261.56,0.0231,813.00,0.2312,0.4344,0.4383,0.6836
32,40,36,58.00,1283.00,0.0000,23.7692,0.9465,36037.28,0.0277,813.00,0.2775,0.5214,0.5320,0.7947
32,40,40,58.00,1283.00,0.0000,23.7692,0.9542,32326.11,0.0309,813.00,0.3093,0.5806,0.5835,1.1066
32,40,44,58.00,1283.00,0.0000,23.7692,0.9598,31143.60,0.0321,813.00,0.3211,0.6056,0.6201,0.9071
32,40,52,58.00,1283.00,0.0000,23.7692,0.9687,27357.60,0.0366,813.00,0.3655,0.6874,0.7070,0.9960
32,40,60,58.00,1283.00,0.0000,23.7692,0.9748,24237.84,0.0413,813.00,0.4126,0.7735,0.7941,1.1730
32,40,68,58.00,1283.00,0.0000,23.7692,0.9789,22162.99,0.0451,813.00,0.4512,0.8464,0.8754,1.1980
32,40,80,58.00,1283.00,0.0000,23.7692,0.9834,19503.28,0.0513,813.00,0.5127,0.9568,0.9877,1.3563
32,80,40,58.00,1283.00,0.0000,24.9672,0.9336,44393.00,0.0225,813.00,0.2253,0.4187,0.4245,0.6545
32,80,56,58.00,1283.00,0.0000,24.9672,0.9583,34552.44,0.0289,813.00,0.2894,0.5348,0.5479,0.8081
32,80,72,58.00,1283.00,0.0000,24.9672,0.9721,28372.68,0.0352,813.00,0.3525,0.6511,0.6666,0.9749
32,80,80,58.00,1283.00,0.0000,24.9672,0.9767,26116.61,0.0383,813.00,0.3829,0.7086,0.7282,1.0617
32,80,88,58.00,1283.00,0.0000,24.9672,0.9801,24371.45,0.0410,813.00,0.4103,0.7631,0.7838,1.1295
32,80,104,58.00,1283.00,0.0000,24.9672,0.9846,21292.62,0.0470,813.00,0.4696,0.8716,0.8981,1.2836
32,80,120,58.00,1283.00,0.0000,24.9672,0.9880,18952.73,0.0528,813.00,0.5276,0.9800,1.0090,1.4434
32,80,136,58.00,1283.00,0.0000,24.9672,0.9902,17166.62,0.0583,813.00,0.5825,1.0811,1.1139,1.5983
32,80,160,58.00,1283.00,0.0000,24.9672,0.9926,14998.55,0.0667,813.00,0.6667,1.2362,1.2740,1.8197
32,120,60,58.00,1283.00,0.0000,37.8686,0.9729,30075.06,0.0333,813.00,0.3325,0.6219,0.6388,0.9316
32,120,84,58.00,1283.00,0.0000,37.8686,0.9852,22844.26,0.0438,813.00,0.4377,0.8176,0.8425,1.2410
32,120,108,58.00,1283.00,0.0000,37.8686,0.9907,18796.26,0.0532,813.00,0.5320,0.9894,1.0199,1.4770
32,120,120,58.00,1283.00,0.0000,37.8686,0.9924,17185.30,0.0582,813.00,0.5819,1.0765,1.1115,1.6077
32,120,132,58.00,1283.00,0.0000,37.8686,0.9936,15968.09,0.0626,813.00,0.6262,1.1626,1.1990,1.7216
32,120,156,58.00,1283.00,0.0000,37.8686,0.9955,13874.79,0.0721,813.00,0.7207,1.3307,1.3731,1.9889
32,120,180,58.00,1283.00,0.0000,37.8686,0.9964,12384.57,0.0807,813.00,0.8075,1.4963,1.5421,2.2188
32,120,204,58.00,1283.00,0.0000,37.8686,0.9972,11190.82,0.0894,813.00,0.8936,1.6566,1.7025,2.4609
32,120,240,58.00,1283.00,0.0000,37.8686,0.9979,9689.18,0.1032,813.00,1.0321,1.8913,1.9411,2.8301
32,160,80,58.00,1283.00,0.0000,54.8164,0.9872,22444.39,0.0446,813.00,0.4455,0.8323,0.8563,1.2523
32,160,112,58.00,1283.00,0.0000,54.8164,0.9930,17098.82,0.0585,813.00,0.5848,1.0847,1.1166,1.6287
32,160,144,58.00,1283.00,0.0000,54.8164,0.9957,13984.46,0.0715,813.00,0.7151,1.3243,1.3649,1.9727
32,160,160,58.00,1283.00,0.0000,54.8164,0.9967,12847.84,0.0778,813.00,0.7783,1.4433,1.4873,2.1531
32,160,176,58.00,1283.00,0.0000,54.8164,0.9971,11892.83,0.0841,813.00,0.8408,1.5557,1.6030,2.3154
32,160,208,58.00,1283.00,0.0000,54.8164,0.9980,10385.96,0.0963,813.00,0.9628,1.7678,1.8113,2.6627
32,160,240,58.00,1283.00,0.0000,54.8164,0.9983,9274.47,0.1078,813.00,1.0782,1.9814,2.0288,2.9755
32,160,272,58.00,1283.00,0.0000,54.8164,0.9986,8391.55,0.1192,813.00,1.1917,2.1938,2.2461,3.2797
32,160,320,58.00,1283.00,0.0000,54.8164,0.9989,7407.14,0.1350,813.00,1.3500,2.4824,2.5356,3.7426
32,200,100,58.00,1283.00,0.0000,72.7850,0.9926,17764.22,0.0563,813.00,0.5629,1.0368,1.0625,1.5898
32,200,140,58.00,1283.00,0.0000,72.7850,0.9961,13714.63,0.0729,813.00,0.7291,1.3502,1.3872,2.0102
32,200,180,58.00,1283.00,0.0000,72.7850,0.9977,12113.58,0.0826,813.00,0.8255,1.5117,1.4672,3.5071
32,200,200,58.00,1283.00,0.0000,72.7850,0.9982,10320.25,0.0969,813.00,0.9690,1.7849,1.8343,2.6587
32,200,220,58.00,1283.00,0.0000,72.7850,0.9985,9572.94,0.1045,813.00,1.0446,1.9271,1.9803,2.8882
32,200,260,58.00,1283.00,0.0000,72.7850,0.9988,8426.84,0.1187,813.00,1.1867,2.1867,2.2430,3.2802
32,200,300,58.00,1283.00,0.0000,72.7850,0.9990,7522.51,0.1329,813.00,1.3293,2.4426,2.5015,3.6670
32,200,340,58.00,1283.00,0.0000,72.7850,0.9992,6829.21,0.1464,813.00,1.4643,2.6850,2.7428,4.0531
32,200,400,58.00,1283.00,0.0000,72.7850,0.9993,5973.03,0.1674,813.00,1.6742,3.0522,3.1142,4.6209
48,40,20,58.00,1405.00,0.0000,24.3531,0.9163,43457.95,0.0230,935.00,0.2301,0.4302,0.4318,0.6598
48,40,28,58.00,1405.00,0.0000,24.3531,0.9448,33132.15,0.0302,935.00,0.3018,0.5473,0.5548,0.8304
48,40,36,58.00,1405.00,0.0000,24.3531,0.9610,28690.82,0.0349,935.00,0.3485,0.6533,0.6687,0.9522
48,40,40,58.00,1405.00,0.0000,24.3531,0.9664,26438.27,0.0378,935.00,0.3782,0.7093,0.7258,1.0574
48,40,44,58.00,1405.00,0.0000,24.3531,0.9706,24861.01,0.0402,935.00,0.4022,0.7573,0.7788,1.0912
48,40,52,58.00,1405.00,0.0000,24.3531,0.9773,21966.84,0.0455,935.00,0.4552,0.8568,0.8821,1.2361
48,40,60,58.00,1405.00,0.0000,24.3531,0.9822,19665.27,0.0509,935.00,0.5085,0.9556,0.9849,1.3584
48,40,68,58.00,1405.00,0.0000,24.3531,0.9859,18169.87,0.0550,935.00,0.5504,1.0341,1.0605,1.5486
48,40,80,58.00,1405.00,0.0000,24.3531,0.9896,16927.48,0.0591,935.00,0.5908,1.0957,1.0675,2.7989
48,80,40,58.00,1405.00,0.0000,45.6539,0.9738,24996.32,0.0400,935.00,0.4001,0.7532,0.7722,1.1107
48,80,56,58.00,1405.00,0.0000,45.6539,0.9860,19323.28,0.0518,935.00,0.5175,0.9711,1.0011,1.4070
48,80,72,58.00,1405.00,0.0000,45.6539,0.9916,15991.34,0.0625,935.00,0.6253,1.1689,1.2046,1.7108
48,80,80,58.00,1405.00,0.0000,45.6539,0.9932,14742.22,0.0678,935.00,0.6783,1.2670,1.3066,1.8499
48,80,88,58.00,1405.00,0.0000,45.6539,0.9943,13649.31,0.0733,935.00,0.7326,1.3643,1.4087,1.9966
48,80,104,58.00,1405.00,0.0000,45.6539,0.9958,11999.32,0.0833,935.00,0.8334,1.5465,1.5952,2.2815
48,80,120,58.00,1405.00,0.0000,45.6539,0.9970,10772.68,0.0928,935.00,0.9283,1.7227,1.7735,2.5704
48,80,136,58.00,1405.00,0.0000,45.6539,0.9977,9778.18,0.1023,935.00,1.0227,1.8953,1.9476,2.8338
48,80,160,58.00,1405.00,0.0000,45.6539,0.9984,8659.43,0.1155,935.00,1.1548,2.1322,2.1956,3.1973
48,120,60,58.00,1405.00,0.0000,44.8015,0.9753,27731.09,0.0361,935.00,0.3606,0.6746,0.6907,1.0365
48,120,84,58.00,1405.00,0.0000,44.8015,0.9869,21278.55,0.0470,935.00,0.4700,0.8779,0.9016,1.3548
48,120,108,58.00,1405.00,0.0000,44.8015,0.9918,17450.53,0.0573,935.00,0.5730,1.0673,1.0953,1.6366
48,120,120,58.00,1405.00,0.0000,44.8015,0.9932,16022.20,0.0624,935.00,0.6241,1.1579,1.1891,1.7804
48,120,132,58.00,1405.00,0.0000,44.8015,0.9943,14766.24,0.0677,935.00,0.6772,1.2544,1.2897,1.9295
48,120,156,58.00,1405.00,0.0000,44.8015,0.9959,12901.37,0.0775,935.00,0.7751,1.4361,1.4768,2.2411
48,120,180,58.00,1405.00,0.0000,44.8015,0.9968,11354.86,0.0881,935.00,0.8807,1.6288,1.6567,2.7282
48,120,204,58.00,1405.00,0.0000,44.8015,0.9976,10367.05,0.0965,935.00,0.9646,1.7807,1.8262,2.7441
48,120,240,58.00,1405.00,0.0000,44.8015,0.9981,9133.33,0.1095,935.00,1.0949,2.0085,2.0588,3.0978
48,160,80,58.00,1405.00,0.0000,57.7063,0.9881,20551.57,0.0487,935.00,0.4866,0.9023,0.9264,1.3914
48,160,112,58.00,1405.00,0.0000,57.7063,0.9942,15768.78,0.0634,935.00,0.6342,1.1760,1.2094,1.8075
48,160,144,58.00,1405.00,0.0000,57.7063,0.9965,12809.16,0.0781,935.00,0.7807,1.4404,1.4782,2.2289
48,160,160,58.00,1405.00,0.0000,57.7063,0.9971,11779.02,0.0849,935.00,0.8490,1.5637,1.6071,2.4110
48,160,176,58.00,1405.00,0.0000,57.7063,0.9975,10949.35,0.0913,935.00,0.9133,1.6849,1.7350,2.6014
48,160,208,58.00,1405.00,0.0000,57.7063,0.9982,9600.10,0.1042,935.00,1.0417,1.9206,1.9713,2.9743
48,160,240,58.00,1405.00,0.0000,57.7063,0.9986,8567.43,0.1167,935.00,1.1672,2.1433,2.1964,3.3350
48,160,272,58.00,1405.00,0.0000,57.7063,0.9988,7765.02,0.1288,935.00,1.2878,2.3514,2.4098,3.6594
48,160,320,58.00,1405.00,0.0000,57.7063,0.9990,6871.40,0.1455,935.00,1.4553,2.6646,2.7200,4.1484
48,200,100,58.00,1405.00,0.0000,72.4500,0.9938,16611.40,0.0602,935.00,0.6020,1.1142,1.1427,1.7708
48,200,140,58.00,1405.00,0.0000,72.4500,0.9969,13049.66,0.0766,935.00,0.7663,1.3999,1.3839,2.9489
48,200,180,58.00,1405.00,0.0000,72.4500,0.9980,10321.33,0.0969,935.00,0.9689,1.7842,1.8317,2.7819
48,200,200,58.00,1405.00,0.0000,72.4500,0.9984,9465.09,0.1057,935.00,1.0565,1.9379,1.9877,3.0121
48,200,220,58.00,1405.00,0.0000,72.4500,0.9987,8715.78,0.1147,935.00,1.1473,2.0974,2.1444,3.2903
48,200,260,58.00,1405.00,0.0000,72.4500,0.9990,7666.50,0.1304,935.00,1.3044,2.3824,2.4348,3.7366
48,200,300,58.00,1405.00,0.0000,72.4500,0.9991,6902.68,0.1449,935.00,1.4487,2.6464,2.7048,4.1330
48,200,340,58.00,1405.00,0.0000,72.4500,0.9992,6311.61,0.1584,935.00,1.5844,2.9072,2.9695,4.5357
48,200,400,58.00,1405.00,0.0000,72.4500,0.9993,5516.72,0.1813,935.00,1.8127,3.2823,3.3420,5.1399
64,40,20,58.00,1527.00,0.0000,30.4375,0.9287,39036.98,0.0256,1057.00,0.2562,0.4836,0.4849,0.7503
64,40,28,58.00,1527.00,0.0000,30.4375,0.9545,30624.94,0.0327,1057.00,0.3265,0.6114,0.6209,0.9130
64,40,36,58.00,1527.00,0.0000,30.4375,0.9686,25292.51,0.0395,1057.00,0.3954,0.7365,0.7511,1.0825
64,40,40,58.00,1527.00,0.0000,30.4375,0.9737,23471.11,0.0426,1057.00,0.4261,0.7983,0.8160,1.1617
64,40,44,58.00,1527.00,0.0000,30.4375,0.9772,21996.89,0.0455,1057.00,0.4546,0.8537,0.8762,1.2303
64,40,52,58.00,1527.00,0.0000,30.4375,0.9828,19434.65,0.0515,1057.00,0.5145,0.9643,0.9915,1.3866
64,40,60,58.00,1527.00,0.0000,30.4375,0.9861,17525.98,0.0571,1057.00,0.5706,1.0663,1.1005,1.5394
64,40,68,58.00,1527.00,0.0000,30.4375,0.9892,16039.88,0.0623,1057.00,0.6234,1.1660,1.2033,1.6743
64,40,80,58.00,1527.00,0.0000,30.4375,0.9918,14040.15,0.0712,1057.00,0.7122,1.3292,1.3738,1.9067
64,80,40,58.00,1527.00,0.0000,56.6025,0.9845,20043.21,0.0499,1057.00,0.4989,0.9401,0.9560,1.5816
64,80,56,58.00,1527.00,0.0000,56.6025,0.9919,15558.44,0.0643,1057.00,0.6427,1.2048,1.2449,1.7871
64,80,72,58.00,1527.00,0.0000,56.6025,0.9953,12512.32,0.0799,1057.00,0.7992,1.4745,1.5117,2.2718
64,80,80,58.00,1527.00,0.0000,56.6025,0.9960,11818.27,0.0846,1057.00,0.8461,1.5680,1.6161,2.3527
64,80,88,58.00,1527.00,0.0000,56.6025,0.9965,11065.72,0.0904,1057.00,0.9037,1.6746,1.7225,2.5519
64,80,104,58.00,1527.00,0.0000,56.6025,0.9975,9767.47,0.1024,1057.00,1.0238,1.8897,1.9452,2.8986
64,80,120,58.00,1527.00,0.0000,56.6025,0.9980,8772.71,0.1140,1057.00,1.1399,2.1025,2.1590,3.2301
64,80,136,58.00,1527.00,0.0000,56.6025,0.9983,7970.12,0.1255,1057.00,1.2547,2.3103,2.3721,3.5978
64,80,160,58.00,1527.00,0.0000,56.6025,0.9986,7011.57,0.1426,1057.00,1.4262,2.6040,2.6677,4.1128
64,120,60,58.00,1527.00,0.0000,71.1682,0.9897,15874.89,0.0630,1057.00,0.6299,1.1712,1.2035,1.7367
64,120,84,58.00,1527.00,0.0000,71.1682,0.9950,12172.47,0.0822,1057.00,0.8215,1.5230,1.5640,2.2884
64,120,108,58.00,1527.00,0.0000,71.1682,0.9970,10144.49,0.0986,1057.00,0.9858,1.8487,1.8951,2.8030
64,120,120,58.00,1527.00,0.0000,71.1682,0.9974,9426.24,0.1061,1057.00,1.0609,1.9918,2.0445,3.0399
64,120,132,58.00,1527.00,0.0000,71.1682,0.9978,8792.11,0.1137,1057.00,1.1374,2.1348,2.1890,3.2563
64,120,156,58.00,1527.00,0.0000,71.1682,0.9984,7607.42,0.1315,1057.00,1.3145,2.4506,2.4858,3.9757
64,120,180,58.00,1527.00,0.0000,71.1682,0.9988,6996.63,0.1429,1057.00,1.4293,2.6432,2.7072,4.0399
64,120,204,58.00,1527.00,0.0000,71.1682,0.9990,6333.42,0.1579,1057.00,1.5789,2.9169,2.9815,4.4986
64,120,240,58.00,1527.00,0.0000,71.1682,0.9992,5652.04,0.1769,1057.00,1.7693,3.2658,3.3384,5.0497
64,160,80,58.00,1527.00,0.0000,55.2809,0.9887,19695.33,0.0508,1057.00,0.5077,0.9457,0.9687,1.5044
64,160,112,58.00,1527.00,0.0000,55.2809,0.9945,14966.97,0.0668,1057.00,0.6681,1.2348,1.2643,1.9635
64,160,144,58.00,1527.00,0.0000,55.2809,0.9966,12169.29,0.0822,1057.00,0.8217,1.5209,1.5575,2.4035
64,160,160,58.00,1527.00,0.0000,55.2809,0.9972,11308.30,0.0884,1057.00,0.8843,1.6305,1.6734,2.5894
64,160,176,58.00,1527.00,0.0000,55.2809,0.9977,10578.67,0.0945,1057.00,0.9453,1.7402,1.7824,2.7484
64,160,208,58.00,1527.00,0.0000,55.2809,0.9983,9143.51,0.1094,1057.00,1.0937,2.0142,2.0472,3.2812
64,160,240,58.00,1527.00,0.0000,55.2809,0.9986,8161.92,0.1225,1057.00,1.2252,2.2489,2.2851,3.6125
64,160,272,58.00,1527.00,0.0000,55.2809,0.9988,7508.16,0.1332,1057.00,1.3319,2.4374,2.4879,3.8877
64,160,320,58.00,1527.00,0.0000,55.2809,0.9990,6587.28,0.1518,1057.00,1.5181,2.7780,2.8325,4.3577
64,200,100,58.00,1527.00,0.0000,75.4363,0.9937,15595.18,0.0641,1057.00,0.6412,1.1848,1.2146,1.8976
64,200,140,58.00,1527.00,0.0000,75.4363,0.9971,11987.91,0.0834,1057.00,0.8342,1.5370,1.5740,2.4363
64,200,180,58.00,1527.00,0.0000,75.4363,0.9981,9840.47,0.1016,1057.00,1.0162,1.8739,1.9166,2.9705
64,200,200,58.00,1527.00,0.0000,75.4363,0.9984,9045.50,0.1106,1057.00,1.1055,2.0347,2.0830,3.2323
64,200,220,58.00,1527.00,0.0000,75.4363,0.9986,8935.64,0.1119,1057.00,1.1191,2.0230,1.9812,4.2298
64,200,260,58.00,1527.00,0.0000,75.4363,0.9989,7422.30,0.1347,1057.00,1.3473,2.4694,2.5198,3.9014
64,200,300,58.00,1527.00,0.0000,75.4363,0.9990,6629.87,0.1508,1057.00,1.5083,2.7570,2.8169,4.3849
64,200,340,58.00,1527.00,0.0000,75.4363,0.9992,6038.45,0.1656,1057.00,1.6561,3.0320,3.0865,4.8126
64,200,400,58.00,1527.00,0.0000,75.4363,0.9992,5324.73,0.1878,1057.00,1.8780,3.4220,3.4767,5.4328
