nlist,efconstruction,nprobe,efsearch,recall,qps,mspq,search_memory_mb,search_time_s,mean_latency_ms,p50_latency_ms,p99_latency_ms
1953,40,16,16,0.8893,8069.08,0.12,638.00,1.2393,2.23,2.03,6.95
1953,40,16,32,0.8898,9024.63,0.11,635.00,1.1081,1.98,1.81,5.65
1953,40,16,64,0.8898,9168.18,0.11,637.00,1.0907,1.94,1.78,4.89
1953,40,16,128,0.8899,8898.01,0.11,637.00,1.1238,1.96,1.80,5.34
1953,40,16,256,0.8899,8577.43,0.12,636.00,1.1659,2.05,1.89,5.05
1953,40,16,384,0.8899,8405.48,0.12,638.00,1.1897,2.14,1.98,5.42
1953,40,32,16,0.9523,5229.18,0.19,637.00,1.9123,3.53,3.28,9.82
1953,40,32,32,0.9531,5188.59,0.19,638.00,1.9273,3.56,3.30,9.37
1953,40,32,64,0.9533,5124.51,0.20,634.00,1.9514,3.59,3.35,8.77
1953,40,32,128,0.9534,4991.22,0.20,638.00,2.0035,3.71,3.47,8.92
1953,40,32,256,0.9534,4879.31,0.20,640.00,2.0495,3.77,3.52,9.17
1953,40,32,384,0.9534,4811.13,0.21,641.00,2.0785,3.86,3.59,9.75
1953,40,64,16,0.9835,2720.00,0.37,645.00,3.6765,6.80,6.50,17.25
1953,40,64,32,0.9857,2778.65,0.36,644.00,3.5989,6.85,6.45,19.35
1953,40,64,64,0.9859,2629.00,0.38,637.00,3.8037,7.06,6.72,16.73
1953,40,64,128,0.9860,2696.88,0.37,636.00,3.7080,6.90,6.53,17.08
1953,40,64,256,0.9861,2595.76,0.39,635.00,3.8524,7.19,6.84,17.89
1953,40,64,384,0.9861,2584.87,0.39,633.00,3.8687,7.24,6.86,18.26
1953,40,128,16,0.9928,1413.89,0.71,641.00,7.0727,13.37,12.84,35.08
1953,40,128,32,0.9967,1398.09,0.72,635.00,7.1526,13.48,12.91,35.28
1953,40,128,64,0.9971,1401.83,0.71,633.00,7.1336,13.52,12.97,33.56
1953,40,128,128,0.9972,1407.38,0.71,646.00,7.1054,13.40,12.91,33.31
1953,40,128,256,0.9973,1466.12,0.68,646.00,6.8207,13.32,12.71,39.99
1953,40,128,384,0.9973,1427.28,0.70,640.00,7.0063,13.44,12.91,37.40
1953,40,256,16,0.9937,847.84,1.18,643.00,11.7947,22.93,22.36,59.72
1953,40,256,32,0.9983,762.34,1.31,616.00,13.1175,25.30,24.26,75.17
1953,40,256,64,0.9990,744.33,1.34,614.00,13.4348,25.76,24.82,72.98
1953,40,256,128,0.9992,754.25,1.33,626.00,13.2583,25.62,24.66,72.50
1953,40,256,256,0.9993,748.50,1.34,627.00,13.3601,25.62,24.72,72.45
1953,40,256,384,0.9993,756.67,1.32,627.00,13.2157,25.66,24.87,70.85
1953,80,16,16,0.8869,9036.59,0.11,620.00,1.1066,2.04,1.84,6.55
1953,80,16,32,0.8907,9603.89,0.10,621.00,1.0412,1.91,1.73,5.67
1953,80,16,64,0.8910,9594.57,0.10,621.00,1.0423,1.90,1.73,5.16
1953,80,16,128,0.8911,9343.95,0.11,617.00,1.0702,1.91,1.75,5.14
1953,80,16,256,0.8911,9190.16,0.11,619.00,1.0881,1.97,1.81,5.00
1953,80,16,384,0.8911,8598.59,0.12,619.00,1.1630,2.08,1.92,5.00
1953,80,32,16,0.9448,4982.64,0.20,616.00,2.0070,3.60,3.37,8.58
1953,80,32,32,0.9535,5137.25,0.19,615.00,1.9466,3.58,3.34,8.97
1953,80,32,64,0.9544,5211.65,0.19,617.00,1.9188,3.45,3.21,9.74
1953,80,32,128,0.9545,5214.23,0.19,621.00,1.9178,3.52,3.26,9.16
1953,80,32,256,0.9545,5094.63,0.20,620.00,1.9628,3.62,3.39,9.17
1953,80,32,384,0.9545,4951.30,0.20,616.00,2.0197,3.73,3.48,9.51
1953,80,64,16,0.9690,2824.90,0.35,615.00,3.5399,6.72,6.34,18.59
1953,80,64,32,0.9836,2796.32,0.36,619.00,3.5761,6.69,6.32,17.28
1953,80,64,64,0.9861,2807.93,0.36,619.00,3.5613,6.69,6.30,18.29
1953,80,64,128,0.9864,2644.05,0.38,616.00,3.7821,6.99,6.63,16.92
1953,80,64,256,0.9864,2682.27,0.37,618.00,3.7282,6.97,6.60,17.43
1953,80,64,384,0.9864,2681.40,0.37,619.00,3.7294,6.90,6.54,18.95
1953,80,128,16,0.9739,1511.78,0.66,627.00,6.6147,12.53,12.02,33.55
1953,80,128,32,0.9923,1470.78,0.68,627.00,6.7991,12.96,12.42,34.74
1953,80,128,64,0.9968,1443.65,0.69,626.00,6.9269,12.97,12.47,35.19
1953,80,128,128,0.9973,1451.71,0.69,624.00,6.8884,12.97,12.47,36.63
1953,80,128,256,0.9973,1474.32,0.68,626.00,6.7828,13.04,12.50,36.33
1953,80,128,384,0.9973,1440.41,0.69,619.00,6.9425,13.30,12.79,34.69
1953,80,256,16,0.9740,1228.08,0.81,618.00,8.1428,15.58,14.94,41.95
1953,80,256,32,0.9930,858.78,1.16,625.00,11.6445,22.15,21.55,53.95
1953,80,256,64,0.9983,756.51,1.32,617.00,13.2186,25.10,24.11,62.95
1953,80,256,128,0.9992,756.38,1.32,623.00,13.2209,25.04,24.06,70.09
1953,80,256,256,0.9993,758.95,1.32,616.00,13.1762,25.21,24.26,70.32
1953,80,256,384,0.9993,758.98,1.32,624.00,13.1755,25.14,24.33,61.20
1953,160,16,16,0.8858,8736.04,0.11,619.00,1.1447,2.11,1.90,6.33
1953,160,16,32,0.8899,9717.50,0.10,621.00,1.0291,1.86,1.69,4.75
1953,160,16,64,0.8903,9887.40,0.10,620.00,1.0114,1.81,1.65,5.00
1953,160,16,128,0.8904,9746.73,0.10,622.00,1.0260,1.82,1.68,4.85
1953,160,16,256,0.8904,9353.05,0.11,616.00,1.0692,1.91,1.75,4.93
1953,160,16,384,0.8904,8824.88,0.11,620.00,1.1332,2.02,1.87,4.83
1953,160,32,16,0.9451,5468.03,0.18,620.00,1.8288,3.39,3.15,8.61
1953,160,32,32,0.9530,5402.56,0.19,619.00,1.8510,3.34,3.12,9.31
1953,160,32,64,0.9543,5399.11,0.19,617.00,1.8522,3.40,3.16,8.93
1953,160,32,128,0.9543,5369.97,0.19,621.00,1.8622,3.43,3.19,8.74
1953,160,32,256,0.9543,5280.26,0.19,617.00,1.8938,3.50,3.27,8.61
1953,160,32,384,0.9543,5217.72,0.19,621.00,1.9165,3.65,3.40,9.39
1953,160,64,16,0.9699,2814.98,0.36,617.00,3.5524,6.48,6.13,19.07
1953,160,64,32,0.9836,2863.11,0.35,629.00,3.4927,6.54,6.18,16.61
1953,160,64,64,0.9863,2751.95,0.36,619.00,3.6338,6.67,6.33,16.20
1953,160,64,128,0.9864,2825.13,0.35,619.00,3.5397,6.55,6.21,17.56
1953,160,64,256,0.9864,2781.26,0.36,621.00,3.5955,6.71,6.35,17.63
1953,160,64,384,0.9864,2693.70,0.37,619.00,3.7124,6.88,6.52,17.64
1953,160,128,16,0.9746,1549.47,0.65,617.00,6.4538,12.12,11.62,31.73
1953,160,128,32,0.9926,1489.95,0.67,617.00,6.7116,12.65,12.13,32.93
1953,160,128,64,0.9969,1428.58,0.70,620.00,6.9999,13.01,12.42,33.08
1953,160,128,128,0.9973,1473.09,0.68,617.00,6.7885,12.67,12.18,33.67
1953,160,128,256,0.9974,1479.50,0.68,629.00,6.7591,12.69,12.17,34.88
1953,160,128,384,0.9974,1481.59,0.67,621.00,6.7495,12.85,12.32,32.47
1953,160,256,16,0.9747,1207.71,0.83,618.00,8.2801,15.63,15.09,39.44
1953,160,256,32,0.9934,883.62,1.13,629.00,11.3171,21.85,21.18,58.06
1953,160,256,64,0.9985,802.18,1.25,621.00,12.4661,24.22,23.32,70.81
1953,160,256,128,0.9993,789.07,1.27,629.00,12.6732,24.31,23.51,60.26
1953,160,256,256,0.9993,794.07,1.26,628.00,12.5933,24.32,23.44,66.75
1953,160,256,384,0.9993,772.26,1.29,629.00,12.9490,24.69,23.76,65.77
1953,200,16,16,0.8852,8701.05,0.11,621.00,1.1493,2.12,1.93,5.86
1953,200,16,32,0.8888,9421.66,0.11,620.00,1.0614,1.90,1.74,4.91
1953,200,16,64,0.8892,9630.16,0.10,622.00,1.0384,1.84,1.70,4.67
1953,200,16,128,0.8892,9541.65,0.10,622.00,1.0480,1.82,1.68,4.59
1953,200,16,256,0.8892,9298.08,0.11,621.00,1.0755,1.91,1.77,4.87
1953,200,16,384,0.8892,8943.00,0.11,627.00,1.1182,2.04,1.88,4.97
1953,200,32,16,0.9458,5394.47,0.19,621.00,1.8538,3.42,3.17,8.96
1953,200,32,32,0.9532,5416.14,0.18,621.00,1.8463,3.43,3.18,8.82
1953,200,32,64,0.9539,5150.93,0.19,618.00,1.9414,3.47,3.24,9.96
1953,200,32,128,0.9540,5396.60,0.19,616.00,1.8530,3.44,3.20,8.92
1953,200,32,256,0.9540,5338.68,0.19,622.00,1.8731,3.49,3.26,8.85
1953,200,32,384,0.9540,5135.50,0.19,620.00,1.9472,3.64,3.39,9.47
1953,200,64,16,0.9705,2874.41,0.35,626.00,3.4790,6.52,6.14,17.65
1953,200,64,32,0.9839,2901.93,0.34,629.00,3.4460,6.53,6.14,18.64
1953,200,64,64,0.9860,2877.78,0.35,629.00,3.4749,6.55,6.18,17.86
1953,200,64,128,0.9862,2722.99,0.37,619.00,3.6724,6.78,6.44,15.26
1953,200,64,256,0.9861,2760.15,0.36,619.00,3.6230,6.77,6.42,17.04
1953,200,64,384,0.9861,2725.38,0.37,619.00,3.6692,6.87,6.54,17.10
1953,200,128,16,0.9753,1513.60,0.66,618.00,6.6067,12.27,11.73,31.96
1953,200,128,32,0.9931,1460.58,0.68,626.00,6.8466,12.88,12.33,30.85
1953,200,128,64,0.9970,1500.64,0.67,629.00,6.6638,12.65,12.15,33.83
1953,200,128,128,0.9974,1509.33,0.66,620.00,6.6254,12.69,12.17,34.60
1953,200,128,256,0.9974,1495.53,0.67,619.00,6.6866,12.77,12.25,33.83
1953,200,128,384,0.9974,1485.62,0.67,620.00,6.7312,12.80,12.34,32.30
1953,200,256,16,0.9755,1210.17,0.83,629.00,8.2633,15.60,15.03,38.74
1953,200,256,32,0.9939,863.89,1.16,618.00,11.5756,22.04,21.31,55.67
1953,200,256,64,0.9985,777.09,1.29,626.00,12.8685,24.33,23.45,65.51
1953,200,256,128,0.9992,782.63,1.28,630.00,12.7775,24.46,23.62,63.55
1953,200,256,256,0.9993,788.70,1.27,621.00,12.6790,24.52,23.69,56.51
1953,200,256,384,0.9993,785.35,1.27,630.00,12.7332,24.64,23.77,68.89
3906,40,16,16,0.8415,14991.28,0.07,622.00,0.6671,1.18,1.07,3.26
3906,40,16,32,0.8423,16437.72,0.06,620.00,0.6084,1.06,0.96,2.77
3906,40,16,64,0.8424,16024.60,0.06,620.00,0.6240,1.03,0.94,2.75
3906,40,16,128,0.8425,16001.00,0.06,620.00,0.6250,1.06,0.98,2.60
3906,40,16,256,0.8425,14834.26,0.07,622.00,0.6741,1.17,1.08,2.59
3906,40,16,384,0.8426,13090.25,0.08,621.00,0.7639,1.32,1.22,2.86
3906,40,32,16,0.9205,9835.85,0.10,618.00,1.0167,1.83,1.68,4.56
3906,40,32,32,0.9226,9738.08,0.10,622.00,1.0269,1.84,1.68,4.51
3906,40,32,64,0.9228,9516.49,0.11,621.00,1.0508,1.84,1.69,4.53
3906,40,32,128,0.9228,9313.04,0.11,619.00,1.0738,1.88,1.73,4.69
3906,40,32,256,0.9228,8717.71,0.11,624.00,1.1471,2.02,1.87,4.63
3906,40,32,384,0.9230,8223.89,0.12,621.00,1.2160,2.17,2.03,4.60
3906,40,64,16,0.9655,5019.86,0.20,619.00,1.9921,3.57,3.33,8.26
3906,40,64,32,0.9698,5273.59,0.19,629.00,1.8962,3.46,3.23,7.96
3906,40,64,64,0.9705,5279.57,0.19,630.00,1.8941,3.52,3.29,8.16
3906,40,64,128,0.9706,5109.15,0.20,619.00,1.9573,3.60,3.37,8.26
3906,40,64,256,0.9706,4920.76,0.20,617.00,2.0322,3.72,3.50,8.13
3906,40,64,384,0.9707,4662.69,0.21,619.00,2.1447,3.93,3.70,8.39
3906,40,128,16,0.9819,2789.43,0.36,615.00,3.5850,6.74,6.42,16.05
3906,40,128,32,0.9894,2813.59,0.36,621.00,3.5542,6.71,6.36,16.15
3906,40,128,64,0.9910,2722.81,0.37,616.00,3.6727,6.79,6.44,15.41
3906,40,128,128,0.9912,2820.27,0.35,620.00,3.5458,6.70,6.35,15.65
3906,40,128,256,0.9912,2665.34,0.38,621.00,3.7519,6.99,6.65,15.34
3906,40,128,384,0.9913,2621.29,0.38,619.00,3.8149,7.05,6.71,16.16
3906,40,256,16,0.9849,1514.79,0.66,626.00,6.6016,12.18,11.71,27.79
3906,40,256,32,0.9948,1474.89,0.68,631.00,6.7802,12.75,12.23,28.65
3906,40,256,64,0.9974,1457.36,0.69,623.00,6.8617,12.92,12.42,27.51
3906,40,256,128,0.9977,1427.65,0.70,623.00,7.0045,13.06,12.57,27.80
3906,40,256,256,0.9977,1465.80,0.68,620.00,6.8222,12.95,12.46,27.63
3906,40,256,384,0.9979,1434.37,0.70,629.00,6.9717,13.10,12.61,29.09
3906,80,16,16,0.8374,15310.82,0.07,623.00,0.6531,1.15,1.04,3.22
3906,80,16,32,0.8419,16217.89,0.06,624.00,0.6166,1.03,0.94,2.68
3906,80,16,64,0.8426,16587.97,0.06,624.00,0.6028,1.01,0.92,2.63
3906,80,16,128,0.8426,16328.16,0.06,633.00,0.6124,1.03,0.94,2.46
3906,80,16,256,0.8427,15200.74,0.07,622.00,0.6579,1.14,1.05,2.70
3906,80,16,384,0.8427,13604.87,0.07,620.00,0.7350,1.28,1.20,2.74
3906,80,32,16,0.9111,9778.69,0.10,628.00,1.0226,1.81,1.66,4.45
3906,80,32,32,0.9212,9702.00,0.10,624.00,1.0307,1.79,1.64,4.49
3906,80,32,64,0.9231,9817.42,0.10,632.00,1.0186,1.78,1.64,4.47
3906,80,32,128,0.9233,9557.68,0.10,623.00,1.0463,1.84,1.70,4.52
3906,80,32,256,0.9233,9143.19,0.11,623.00,1.0937,1.95,1.80,4.60
3906,80,32,384,0.9233,8808.55,0.11,627.00,1.1353,2.08,1.93,4.48
3906,80,64,16,0.9474,5355.31,0.19,627.00,1.8673,3.45,3.21,8.06
3906,80,64,32,0.9666,5359.26,0.19,628.00,1.8659,3.44,3.21,7.81
3906,80,64,64,0.9708,5210.99,0.19,622.00,1.9190,3.49,3.27,7.68
3906,80,64,128,0.9711,5079.37,0.20,625.00,1.9687,3.56,3.33,8.06
3906,80,64,256,0.9713,5101.57,0.20,621.00,1.9602,3.58,3.35,8.18
3906,80,64,384,0.9713,4883.58,0.20,627.00,2.0477,3.76,3.53,8.48
3906,80,128,16,0.9569,2924.64,0.34,632.00,3.4192,6.35,6.08,14.85
3906,80,128,32,0.9835,2809.85,0.36,629.00,3.5589,6.57,6.23,15.45
3906,80,128,64,0.9906,2814.42,0.36,632.00,3.5531,6.65,6.34,15.45
3906,80,128,128,0.9916,2789.95,0.36,621.00,3.5843,6.68,6.35,15.20
3906,80,128,256,0.9918,2784.39,0.36,630.00,3.5915,6.75,6.43,15.29
3906,80,128,384,0.9918,2713.28,0.37,617.00,3.6856,6.90,6.56,15.28
3906,80,256,16,0.9576,1973.20,0.51,632.00,5.0679,9.20,8.92,19.96
3906,80,256,32,0.9866,1534.65,0.65,622.00,6.5161,11.90,11.39,26.36
3906,80,256,64,0.9960,1494.69,0.67,633.00,6.6903,12.66,12.17,27.14
3906,80,256,128,0.9980,1507.00,0.66,633.00,6.6357,12.72,12.24,29.10
3906,80,256,256,0.9984,1456.38,0.69,624.00,6.8664,12.79,12.32,28.66
3906,80,256,384,0.9984,1462.43,0.68,625.00,6.8380,12.83,12.37,27.55
3906,160,16,16,0.8398,16037.76,0.06,626.00,0.6235,1.08,0.98,3.03
3906,160,16,32,0.8442,17270.83,0.06,623.00,0.5790,0.99,0.90,2.54
3906,160,16,64,0.8446,16857.61,0.06,625.00,0.5932,0.97,0.88,2.41
3906,160,16,128,0.8446,17099.14,0.06,623.00,0.5848,0.97,0.89,2.41
3906,160,16,256,0.8446,15783.18,0.06,622.00,0.6336,1.07,0.99,2.43
3906,160,16,384,0.8446,14514.97,0.07,632.00,0.6889,1.22,1.13,2.64
3906,160,32,16,0.9133,10077.85,0.10,626.00,0.9923,1.73,1.59,4.14
3906,160,32,32,0.9225,10480.40,0.10,626.00,0.9542,1.71,1.56,4.28
3906,160,32,64,0.9237,10402.40,0.10,623.00,0.9613,1.72,1.57,4.23
3906,160,32,128,0.9237,10255.06,0.10,621.00,0.9751,1.76,1.62,4.16
3906,160,32,256,0.9237,9393.47,0.11,622.00,1.0646,1.85,1.71,4.29
3906,160,32,384,0.9237,8965.79,0.11,631.00,1.1154,2.02,1.88,4.43
3906,160,64,16,0.9493,5597.55,0.18,627.00,1.7865,3.25,3.03,8.20
3906,160,64,32,0.9673,5528.96,0.18,624.00,1.8087,3.28,3.05,7.84
3906,160,64,64,0.9706,5515.97,0.18,621.00,1.8129,3.28,3.04,7.73
3906,160,64,128,0.9708,5431.17,0.18,624.00,1.8412,3.34,3.11,8.08
3906,160,64,256,0.9709,5377.30,0.19,621.00,1.8597,3.42,3.20,8.35
3906,160,64,384,0.9709,5313.57,0.19,624.00,1.8820,3.59,3.36,8.49
3906,160,128,16,0.9594,3052.60,0.33,619.00,3.2759,6.08,5.78,14.59
3906,160,128,32,0.9841,2995.56,0.33,619.00,3.3383,6.22,5.89,14.91
3906,160,128,64,0.9906,3011.33,0.33,623.00,3.3208,6.26,5.93,14.61
3906,160,128,128,0.9914,2950.63,0.34,621.00,3.3891,6.27,5.96,14.65
3906,160,128,256,0.9915,2933.30,0.34,621.00,3.4091,6.44,6.12,15.24
3906,160,128,384,0.9915,2864.33,0.35,620.00,3.4912,6.53,6.19,15.30
3906,160,256,16,0.9602,2047.67,0.49,633.00,4.8836,8.82,8.53,20.72
3906,160,256,32,0.9875,1627.35,0.61,618.00,6.1450,11.36,10.84,26.05
3906,160,256,64,0.9965,1571.99,0.64,622.00,6.3614,11.97,11.52,26.79
3906,160,256,128,0.9981,1516.23,0.66,620.00,6.5953,12.21,11.70,27.10
3906,160,256,256,0.9983,1507.10,0.66,620.00,6.6352,12.13,11.68,28.03
3906,160,256,384,0.9983,1503.27,0.67,627.00,6.6522,12.37,11.87,27.82
3906,200,16,16,0.8393,15565.16,0.06,623.00,0.6425,1.11,1.01,3.03
3906,200,16,32,0.8435,16668.53,0.06,633.00,0.5999,1.01,0.92,2.72
3906,200,16,64,0.8439,16509.69,0.06,623.00,0.6057,0.98,0.90,2.52
3906,200,16,128,0.8438,16840.21,0.06,624.00,0.5938,1.01,0.92,2.55
3906,200,16,256,0.8438,15069.62,0.07,624.00,0.6636,1.11,1.02,2.63
3906,200,16,384,0.8438,14010.33,0.07,622.00,0.7138,1.24,1.15,2.62
3906,200,32,16,0.9129,10389.19,0.10,623.00,0.9625,1.75,1.60,4.38
3906,200,32,32,0.9229,9894.19,0.10,623.00,1.0107,1.74,1.59,4.35
3906,200,32,64,0.9241,9691.27,0.10,624.00,1.0319,1.76,1.61,4.48
3906,200,32,128,0.9241,10012.67,0.10,627.00,0.9987,1.81,1.67,4.42
3906,200,32,256,0.9241,9374.44,0.11,623.00,1.0667,1.91,1.77,4.31
3906,200,32,384,0.9241,8559.23,0.12,625.00,1.1683,2.06,1.91,4.76
3906,200,64,16,0.9502,5393.29,0.19,631.00,1.8542,3.37,3.16,7.73
3906,200,64,32,0.9685,5221.73,0.19,625.00,1.9151,3.38,3.17,7.54
3906,200,64,64,0.9718,5133.50,0.19,622.00,1.9480,3.38,3.16,8.34
3906,200,64,128,0.9718,5389.33,0.19,623.00,1.8555,3.40,3.18,7.91
3906,200,64,256,0.9718,5239.01,0.19,625.00,1.9088,3.51,3.32,7.65
3906,200,64,384,0.9718,5084.62,0.20,624.00,1.9667,3.63,3.41,8.12
3906,200,128,16,0.9605,2896.80,0.35,624.00,3.4521,6.28,5.98,13.14
3906,200,128,32,0.9855,2896.67,0.35,625.00,3.4522,6.37,6.05,13.91
3906,200,128,64,0.9915,2944.87,0.34,633.00,3.3957,6.42,6.09,14.70
3906,200,128,128,0.9921,2904.74,0.34,620.00,3.4426,6.39,6.08,14.14
3906,200,128,256,0.9921,2861.49,0.35,622.00,3.4947,6.49,6.18,14.66
3906,200,128,384,0.9921,2838.74,0.35,631.00,3.5227,6.65,6.34,15.17
3906,200,256,16,0.9613,2059.28,0.49,628.00,4.8561,8.99,8.76,19.98
3906,200,256,32,0.9885,1680.66,0.60,620.00,5.9500,11.51,10.97,27.34
3906,200,256,64,0.9968,1578.67,0.63,623.00,6.3344,12.16,11.70,28.90
3906,200,256,128,0.9983,1575.67,0.63,631.00,6.3465,12.19,11.76,27.36
3906,200,256,256,0.9983,1532.67,0.65,629.00,6.5246,12.28,11.82,26.18
3906,200,256,384,0.9983,1539.48,0.65,633.00,6.4957,12.42,12.01,27.51
7812,40,16,16,0.7913,26107.78,0.04,628.00,0.3830,0.64,0.59,1.50
7812,40,16,32,0.7919,27492.29,0.04,627.00,0.3637,0.59,0.54,1.41
7812,40,16,64,0.7921,27390.73,0.04,625.00,0.3651,0.59,0.55,1.38
7812,40,16,128,0.7922,25380.48,0.04,627.00,0.3940,0.65,0.61,1.46
7812,40,16,256,0.7923,21462.60,0.05,628.00,0.4659,0.77,0.73,1.53
7812,40,16,384,0.7923,17934.05,0.06,628.00,0.5576,0.95,0.91,1.70
7812,40,32,16,0.8817,15921.26,0.06,627.00,0.6281,1.02,0.94,2.44
7812,40,32,32,0.8845,16390.91,0.06,627.00,0.6101,1.03,0.95,2.35
7812,40,32,64,0.8848,15156.09,0.07,627.00,0.6598,1.06,0.97,2.43
7812,40,32,128,0.8848,15214.99,0.07,626.00,0.6572,1.08,1.01,2.38
7812,40,32,256,0.8849,13748.31,0.07,626.00,0.7274,1.22,1.14,2.66
7812,40,32,384,0.8849,12683.39,0.08,627.00,0.7884,1.38,1.31,2.59
7812,40,64,16,0.9395,9490.57,0.11,626.00,1.0537,1.89,1.78,3.97
7812,40,64,32,0.9469,9051.44,0.11,627.00,1.1048,1.90,1.77,4.05
7812,40,64,64,0.9483,9058.81,0.11,629.00,1.1039,1.90,1.78,4.08
7812,40,64,128,0.9485,8985.48,0.11,623.00,1.1129,1.98,1.85,4.00
7812,40,64,256,0.9486,8271.33,0.12,624.00,1.2090,2.11,1.97,4.66
7812,40,64,384,0.9486,8001.50,0.12,625.00,1.2498,2.26,2.14,4.55
7812,40,128,16,0.9647,5140.65,0.19,620.00,1.9453,3.57,3.39,7.44
7812,40,128,32,0.9781,5011.78,0.20,628.00,1.9953,3.55,3.36,7.63
7812,40,128,64,0.9814,5113.65,0.20,623.00,1.9556,3.61,3.45,6.95
7812,40,128,128,0.9819,5161.53,0.19,622.00,1.9374,3.62,3.43,7.36
7812,40,128,256,0.9821,4819.41,0.21,629.00,2.0749,3.79,3.61,7.71
7812,40,128,384,0.9821,4762.82,0.21,623.00,2.0996,3.93,3.75,7.67
7812,40,256,16,0.9701,2809.71,0.36,622.00,3.5591,6.54,6.30,12.19
7812,40,256,32,0.9882,2700.31,0.37,622.00,3.7033,6.83,6.61,12.38
7812,40,256,64,0.9937,2711.26,0.37,627.00,3.6883,6.89,6.63,13.11
7812,40,256,128,0.9948,2639.97,0.38,624.00,3.7879,6.90,6.68,13.05
7812,40,256,256,0.9951,2605.17,0.38,623.00,3.8385,7.03,6.80,12.39
7812,40,256,384,0.9951,2584.00,0.39,620.00,3.8700,7.19,6.96,12.71
7812,80,16,16,0.7887,25920.85,0.04,630.00,0.3858,0.63,0.58,1.54
7812,80,16,32,0.7936,26753.24,0.04,629.00,0.3738,0.57,0.53,1.42
7812,80,16,64,0.7940,26184.76,0.04,627.00,0.3819,0.58,0.53,1.39
7812,80,16,128,0.7940,25491.09,0.04,627.00,0.3923,0.60,0.56,1.46
7812,80,16,256,0.7940,22216.24,0.05,628.00,0.4501,0.72,0.67,1.54
7812,80,16,384,0.7940,19571.58,0.05,625.00,0.5109,0.87,0.82,1.68
7812,80,32,16,0.8716,17147.47,0.06,628.00,0.5832,0.98,0.91,2.21
7812,80,32,32,0.8832,17559.97,0.06,627.00,0.5695,0.97,0.89,2.17
7812,80,32,64,0.8846,16845.34,0.06,630.00,0.5936,0.98,0.89,2.38
7812,80,32,128,0.8848,16145.83,0.06,625.00,0.6194,1.04,0.97,2.21
7812,80,32,256,0.8848,14467.10,0.07,628.00,0.6912,1.16,1.08,2.49
7812,80,32,384,0.8848,13220.01,0.08,625.00,0.7564,1.30,1.23,2.51
7812,80,64,16,0.9194,9593.61,0.10,626.00,1.0424,1.82,1.69,3.99
7812,80,64,32,0.9429,9451.94,0.11,625.00,1.0580,1.84,1.71,4.26
7812,80,64,64,0.9476,9229.95,0.11,628.00,1.0834,1.86,1.74,3.83
7812,80,64,128,0.9483,8626.62,0.12,623.00,1.1592,1.92,1.78,4.55
7812,80,64,256,0.9484,8683.55,0.12,623.00,1.1516,2.02,1.90,4.15
7812,80,64,384,0.9484,8137.64,0.12,626.00,1.2289,2.18,2.07,4.18
7812,80,128,16,0.9355,4976.58,0.20,623.00,2.0094,3.47,3.31,7.11
7812,80,128,32,0.9702,5162.91,0.19,627.00,1.9369,3.48,3.29,7.35
7812,80,128,64,0.9801,5029.83,0.20,623.00,1.9881,3.52,3.34,7.41
7812,80,128,128,0.9819,5028.36,0.20,621.00,1.9887,3.56,3.37,7.01
7812,80,128,256,0.9820,4776.15,0.21,623.00,2.0937,3.75,3.59,6.97
7812,80,128,384,0.9820,4617.67,0.22,637.00,2.1656,3.85,3.67,7.62
7812,80,256,16,0.9370,3316.57,0.30,637.00,3.0152,5.32,5.19,10.21
7812,80,256,32,0.9764,2787.22,0.36,632.00,3.5878,6.41,6.16,12.36
7812,80,256,64,0.9911,2795.78,0.36,635.00,3.5768,6.62,6.38,12.76
7812,80,256,128,0.9948,2781.63,0.36,627.00,3.5950,6.72,6.48,12.88
7812,80,256,256,0.9952,2754.11,0.36,628.00,3.6309,6.75,6.52,12.93
7812,80,256,384,0.9952,2703.75,0.37,626.00,3.6986,6.96,6.73,13.02
7812,160,16,16,0.7911,26993.00,0.04,625.00,0.3705,0.59,0.54,1.46
7812,160,16,32,0.7948,28323.42,0.04,630.00,0.3531,0.57,0.52,1.33
7812,160,16,64,0.7952,27605.04,0.04,629.00,0.3623,0.57,0.52,1.36
7812,160,16,128,0.7953,24639.70,0.04,637.00,0.4058,0.62,0.57,1.47
7812,160,16,256,0.7953,22278.13,0.04,632.00,0.4489,0.73,0.68,1.45
7812,160,16,384,0.7953,18886.14,0.05,627.00,0.5295,0.88,0.83,1.71
7812,160,32,16,0.8755,17298.63,0.06,626.00,0.5781,0.99,0.92,2.26
7812,160,32,32,0.8853,16151.29,0.06,625.00,0.6191,0.98,0.91,2.20
7812,160,32,64,0.8869,15366.27,0.07,628.00,0.6508,1.03,0.94,2.39
7812,160,32,128,0.8869,15395.66,0.06,629.00,0.6495,1.06,0.98,2.41
7812,160,32,256,0.8869,14436.65,0.07,626.00,0.6927,1.17,1.09,2.30
7812,160,32,384,0.8869,12756.13,0.08,627.00,0.7839,1.33,1.25,2.73
7812,160,64,16,0.9239,9325.85,0.11,625.00,1.0723,1.82,1.69,4.09
7812,160,64,32,0.9443,9178.89,0.11,630.00,1.0895,1.83,1.70,4.44
7812,160,64,64,0.9490,9591.36,0.10,626.00,1.0426,1.82,1.69,4.04
7812,160,64,128,0.9492,9718.49,0.10,624.00,1.0290,1.88,1.76,4.06
7812,160,64,256,0.9492,8842.47,0.11,627.00,1.1309,2.01,1.90,4.16
7812,160,64,384,0.9492,8311.88,0.12,626.00,1.2031,2.16,2.04,4.14
7812,160,128,16,0.9407,5249.36,0.19,636.00,1.9050,3.37,3.21,6.96
7812,160,128,32,0.9718,5280.59,0.19,632.00,1.8937,3.48,3.30,7.45
7812,160,128,64,0.9817,5130.88,0.19,630.00,1.9490,3.48,3.30,7.14
7812,160,128,128,0.9828,4991.25,0.20,626.00,2.0035,3.54,3.37,6.94
7812,160,128,256,0.9828,4805.84,0.21,622.00,2.0808,3.66,3.47,7.56
7812,160,128,384,0.9828,4786.78,0.21,635.00,2.0891,3.79,3.62,7.14
7812,160,256,16,0.9426,3249.25,0.31,628.00,3.0776,5.48,5.34,9.80
7812,160,256,32,0.9787,2770.98,0.36,637.00,3.6088,6.42,6.19,12.13
7812,160,256,64,0.9927,2689.22,0.37,628.00,3.7186,6.69,6.46,12.64
7812,160,256,128,0.9954,2646.60,0.38,627.00,3.7784,6.81,6.59,12.09
7812,160,256,256,0.9957,2520.25,0.40,626.00,3.9679,6.94,6.69,13.62
7812,160,256,384,0.9957,2574.55,0.39,639.00,3.8842,6.94,6.67,14.37
7812,200,16,16,0.7911,25869.93,0.04,628.00,0.3865,0.64,0.57,1.51
7812,200,16,32,0.7956,27513.86,0.04,629.00,0.3635,0.57,0.52,1.33
7812,200,16,64,0.7958,27499.76,0.04,630.00,0.3636,0.57,0.52,1.42
7812,200,16,128,0.7958,24502.87,0.04,630.00,0.4081,0.62,0.57,1.40
7812,200,16,256,0.7958,21622.71,0.05,627.00,0.4625,0.73,0.68,1.51
7812,200,16,384,0.7958,18806.85,0.05,626.00,0.5317,0.89,0.84,1.63
7812,200,32,16,0.8757,16763.08,0.06,627.00,0.5965,0.97,0.89,2.24
7812,200,32,32,0.8857,16591.05,0.06,624.00,0.6027,0.99,0.91,2.32
7812,200,32,64,0.8871,15495.29,0.06,627.00,0.6454,1.03,0.96,2.35
7812,200,32,128,0.8871,15129.18,0.07,629.00,0.6610,1.06,0.98,2.49
7812,200,32,256,0.8871,14197.58,0.07,627.00,0.7043,1.17,1.09,2.46
7812,200,32,384,0.8871,12932.94,0.08,630.00,0.7732,1.31,1.23,2.58
7812,200,64,16,0.9242,9760.93,0.10,627.00,1.0245,1.82,1.70,4.01
7812,200,64,32,0.9455,9398.08,0.11,626.00,1.0640,1.84,1.72,4.00
7812,200,64,64,0.9490,9350.37,0.11,628.00,1.0695,1.84,1.72,3.94
7812,200,64,128,0.9495,9528.43,0.10,639.00,1.0495,1.88,1.76,3.90
7812,200,64,256,0.9495,9090.10,0.11,628.00,1.1001,2.02,1.88,4.46
7812,200,64,384,0.9495,8551.02,0.12,631.00,1.1695,2.16,2.04,4.33
7812,200,128,16,0.9414,5446.99,0.18,629.00,1.8359,3.36,3.21,6.97
7812,200,128,32,0.9731,5310.67,0.19,627.00,1.8830,3.47,3.31,7.19
7812,200,128,64,0.9813,5307.16,0.19,638.00,1.8842,3.47,3.29,7.21
7812,200,128,128,0.9824,5291.28,0.19,629.00,1.8899,3.55,3.39,6.78
7812,200,128,256,0.9825,5074.29,0.20,629.00,1.9707,3.72,3.54,7.16
7812,200,128,384,0.9825,4947.37,0.20,635.00,2.0213,3.81,3.62,7.82
7812,200,256,16,0.9435,3337.19,0.30,628.00,2.9965,5.48,5.32,11.06
7812,200,256,32,0.9801,2920.54,0.34,634.00,3.4240,6.35,6.14,12.57
7812,200,256,64,0.9928,2842.38,0.35,639.00,3.5182,6.58,6.36,13.57
7812,200,256,128,0.9953,2821.87,0.35,633.00,3.5437,6.64,6.40,13.96
7812,200,256,256,0.9956,2774.27,0.36,640.00,3.6046,6.74,6.50,13.63
7812,200,256,384,0.9956,2726.26,0.37,632.00,3.6680,6.93,6.70,13.12
15625,40,16,16,0.7380,37085.14,0.03,628.00,0.2696,0.37,0.34,0.86
15625,40,16,32,0.7396,39520.48,0.03,632.00,0.2530,0.37,0.34,0.85
15625,40,16,64,0.7397,36932.76,0.03,628.00,0.2708,0.38,0.36,0.86
15625,40,16,128,0.7396,33724.10,0.03,629.00,0.2965,0.47,0.45,0.89
15625,40,16,256,0.7396,26322.89,0.04,631.00,0.3799,0.60,0.57,1.04
15625,40,16,384,0.7396,20402.03,0.05,630.00,0.4901,0.80,0.78,1.19
15625,40,32,16,0.8390,26185.95,0.04,631.00,0.3819,0.60,0.57,1.27
15625,40,32,32,0.8434,25435.14,0.04,635.00,0.3932,0.60,0.57,1.23
15625,40,32,64,0.8440,24205.03,0.04,630.00,0.4131,0.64,0.60,1.29
15625,40,32,128,0.8440,23505.21,0.04,632.00,0.4254,0.72,0.68,1.36
15625,40,32,256,0.8440,19582.51,0.05,629.00,0.5107,0.85,0.81,1.53
15625,40,32,384,0.8440,16218.46,0.06,635.00,0.6166,1.03,0.99,1.68
15625,40,64,16,0.9072,14635.88,0.07,627.00,0.6833,1.13,1.06,2.41
15625,40,64,32,0.9190,15117.56,0.07,633.00,0.6615,1.12,1.07,2.19
15625,40,64,64,0.9212,14654.57,0.07,633.00,0.6824,1.15,1.09,2.19
15625,40,64,128,0.9214,13023.41,0.08,629.00,0.7678,1.23,1.18,2.34
15625,40,64,256,0.9214,11908.31,0.08,627.00,0.8397,1.40,1.32,3.10
15625,40,64,384,0.9213,11325.63,0.09,628.00,0.8830,1.54,1.48,2.75
15625,40,128,16,0.9404,8608.11,0.12,633.00,1.1617,2.06,1.98,4.09
15625,40,128,32,0.9610,8303.75,0.12,627.00,1.2043,2.09,1.99,4.52
15625,40,128,64,0.9664,8299.22,0.12,633.00,1.2049,2.13,2.04,4.12
15625,40,128,128,0.9672,8305.85,0.12,627.00,1.2040,2.18,2.10,3.92
15625,40,128,256,0.9672,7672.61,0.13,630.00,1.3033,2.30,2.20,4.59
15625,40,128,384,0.9671,7183.20,0.14,629.00,1.3921,2.52,2.45,4.30
15625,40,256,16,0.9486,4831.94,0.21,631.00,2.0696,3.76,3.64,6.72
15625,40,256,32,0.9772,4516.48,0.22,627.00,2.2141,3.94,3.82,7.52
15625,40,256,64,0.9871,4575.61,0.22,630.00,2.1855,3.99,3.88,7.11
15625,40,256,128,0.9892,4402.96,0.23,632.00,2.2712,4.07,3.93,7.42
15625,40,256,256,0.9895,4300.01,0.23,632.00,2.3256,4.16,4.01,7.74
15625,40,256,384,0.9895,4263.78,0.23,627.00,2.3453,4.36,4.26,7.22
15625,80,16,16,0.7367,39051.84,0.03,631.00,0.2561,0.38,0.35,0.95
15625,80,16,32,0.7412,38980.62,0.03,633.00,0.2565,0.37,0.34,0.84
15625,80,16,64,0.7419,36636.89,0.03,630.00,0.2729,0.38,0.35,0.84
15625,80,16,128,0.7419,33478.14,0.03,633.00,0.2987,0.46,0.44,0.90
15625,80,16,256,0.7419,27137.16,0.04,630.00,0.3685,0.57,0.54,1.01
15625,80,16,384,0.7419,22925.75,0.04,633.00,0.4362,0.75,0.72,1.23
15625,80,32,16,0.8287,25981.64,0.04,631.00,0.3849,0.61,0.57,1.32
15625,80,32,32,0.8420,25678.97,0.04,627.00,0.3894,0.60,0.56,1.24
15625,80,32,64,0.8446,23693.74,0.04,629.00,0.4221,0.64,0.59,1.49
15625,80,32,128,0.8448,22832.58,0.04,632.00,0.4380,0.70,0.65,1.48
15625,80,32,256,0.8448,18273.29,0.05,628.00,0.5472,0.86,0.82,1.66
15625,80,32,384,0.8448,16805.41,0.06,634.00,0.5950,1.02,0.98,1.77
15625,80,64,16,0.8861,14279.95,0.07,629.00,0.7003,1.13,1.06,2.49
15625,80,64,32,0.9133,14986.90,0.07,632.00,0.6672,1.12,1.06,2.34
15625,80,64,64,0.9210,14431.07,0.07,645.00,0.6929,1.15,1.09,2.25
15625,80,64,128,0.9219,14126.26,0.07,635.00,0.7079,1.20,1.15,2.30
15625,80,64,256,0.9219,13160.65,0.08,633.00,0.7598,1.35,1.29,2.41
15625,80,64,384,0.9219,11593.01,0.09,630.00,0.8626,1.50,1.44,2.75
15625,80,128,16,0.9073,8698.25,0.11,629.00,1.1497,2.05,1.96,4.15
15625,80,128,32,0.9496,8645.10,0.12,645.00,1.1567,2.13,2.06,3.87
15625,80,128,64,0.9646,8588.56,0.12,628.00,1.1643,2.15,2.07,3.94
15625,80,128,128,0.9675,8240.41,0.12,629.00,1.2135,2.16,2.06,4.42
15625,80,128,256,0.9677,7884.30,0.13,633.00,1.2683,2.29,2.19,4.51
15625,80,128,384,0.9676,7466.87,0.13,630.00,1.3392,2.46,2.36,4.74
15625,80,256,16,0.9108,5344.68,0.19,631.00,1.8710,3.35,3.30,6.07
15625,80,256,32,0.9607,4724.55,0.21,636.00,2.1166,3.89,3.78,6.93
15625,80,256,64,0.9827,4624.48,0.22,631.00,2.1624,4.05,3.95,6.89
15625,80,256,128,0.9890,4350.08,0.23,631.00,2.2988,4.14,4.03,7.19
15625,80,256,256,0.9897,4403.79,0.23,625.00,2.2708,4.20,4.07,7.76
15625,80,256,384,0.9897,4207.80,0.24,632.00,2.3765,4.39,4.27,7.45
15625,160,16,16,0.7385,40749.55,0.02,633.00,0.2454,0.36,0.34,0.81
15625,160,16,32,0.7422,40111.50,0.02,634.00,0.2493,0.35,0.33,0.82
15625,160,16,64,0.7429,38894.90,0.03,630.00,0.2571,0.38,0.35,0.83
15625,160,16,128,0.7429,35506.33,0.03,635.00,0.2816,0.44,0.42,0.86
15625,160,16,256,0.7429,27969.40,0.04,630.00,0.3575,0.57,0.54,0.99
15625,160,16,384,0.7429,22224.14,0.04,632.00,0.4500,0.76,0.73,1.22
15625,160,32,16,0.8334,25247.82,0.04,632.00,0.3961,0.64,0.61,1.37
15625,160,32,32,0.8443,24897.49,0.04,636.00,0.4016,0.62,0.58,1.29
15625,160,32,64,0.8464,24085.00,0.04,630.00,0.4152,0.63,0.59,1.39
15625,160,32,128,0.8464,23248.34,0.04,635.00,0.4301,0.69,0.65,1.37
15625,160,32,256,0.8464,20231.38,0.05,629.00,0.4943,0.83,0.79,1.51
15625,160,32,384,0.8464,16591.00,0.06,634.00,0.6027,1.00,0.96,1.70
15625,160,64,16,0.8923,14597.88,0.07,627.00,0.6850,1.13,1.07,2.27
15625,160,64,32,0.9163,14372.59,0.07,635.00,0.6958,1.12,1.06,2.28
15625,160,64,64,0.9218,13806.76,0.07,634.00,0.7243,1.14,1.07,2.65
15625,160,64,128,0.9222,13983.13,0.07,642.00,0.7151,1.22,1.17,2.35
15625,160,64,256,0.9222,12452.04,0.08,625.00,0.8031,1.37,1.32,2.47
15625,160,64,384,0.9222,10743.08,0.09,633.00,0.9308,1.58,1.51,2.91
15625,160,128,16,0.9156,8499.00,0.12,637.00,1.1766,2.09,2.02,3.77
15625,160,128,32,0.9534,8293.99,0.12,634.00,1.2057,2.12,2.04,3.96
15625,160,128,64,0.9656,7913.90,0.13,636.00,1.2636,2.15,2.06,4.13
15625,160,128,128,0.9678,7766.88,0.13,632.00,1.2875,2.22,2.13,4.12
15625,160,128,256,0.9680,7517.39,0.13,629.00,1.3302,2.36,2.29,4.09
15625,160,128,384,0.9680,7060.43,0.14,628.00,1.4163,2.53,2.45,4.39
15625,160,256,16,0.9197,5090.51,0.20,645.00,1.9644,3.48,3.42,6.15
15625,160,256,32,0.9652,4581.68,0.22,636.00,2.1826,3.93,3.82,6.65
15625,160,256,64,0.9840,4394.10,0.23,628.00,2.2758,4.10,3.99,6.92
15625,160,256,128,0.9894,4472.63,0.22,629.00,2.2358,4.10,3.99,7.25
15625,160,256,256,0.9900,4351.40,0.23,629.00,2.2981,4.20,4.13,7.02
15625,160,256,384,0.9901,4204.87,0.24,630.00,2.3782,4.36,4.27,7.30
15625,200,16,16,0.7396,40278.03,0.02,635.00,0.2483,0.36,0.32,0.93
15625,200,16,32,0.7440,39002.68,0.03,632.00,0.2564,0.36,0.34,0.79
15625,200,16,64,0.7445,38905.25,0.03,630.00,0.2570,0.38,0.36,0.80
15625,200,16,128,0.7446,33374.82,0.03,634.00,0.2996,0.47,0.45,0.90
15625,200,16,256,0.7446,25963.19,0.04,632.00,0.3852,0.65,0.62,1.13
15625,200,16,384,0.7446,22840.54,0.04,638.00,0.4378,0.75,0.72,1.18
15625,200,32,16,0.8342,26668.84,0.04,629.00,0.3750,0.61,0.57,1.30
15625,200,32,32,0.8452,24951.30,0.04,634.00,0.4008,0.60,0.56,1.36
15625,200,32,64,0.8474,24829.17,0.04,635.00,0.4028,0.63,0.59,1.38
15625,200,32,128,0.8475,23404.47,0.04,629.00,0.4273,0.68,0.64,1.41
15625,200,32,256,0.8476,19674.98,0.05,629.00,0.5083,0.81,0.77,1.52
15625,200,32,384,0.8476,17436.13,0.06,633.00,0.5735,1.02,0.98,1.70
15625,200,64,16,0.8927,15389.09,0.06,629.00,0.6498,1.13,1.08,2.17
15625,200,64,32,0.9163,15598.29,0.06,627.00,0.6411,1.12,1.07,2.18
15625,200,64,64,0.9221,15043.68,0.07,629.00,0.6647,1.14,1.09,2.24
15625,200,64,128,0.9225,14370.64,0.07,632.00,0.6959,1.20,1.14,2.43
15625,200,64,256,0.9225,13153.66,0.08,629.00,0.7602,1.36,1.31,2.44
15625,200,64,384,0.9225,11507.82,0.09,644.00,0.8690,1.52,1.47,2.64
15625,200,128,16,0.9167,8369.48,0.12,628.00,1.1948,2.09,2.01,3.93
15625,200,128,32,0.9538,8337.46,0.12,627.00,1.1994,2.12,2.02,4.12
15625,200,128,64,0.9659,8245.14,0.12,635.00,1.2128,2.15,2.06,3.95
15625,200,128,128,0.9677,8325.86,0.12,633.00,1.2011,2.16,2.07,4.26
15625,200,128,256,0.9680,7823.29,0.13,628.00,1.2782,2.31,2.24,4.01
15625,200,128,384,0.9680,7421.17,0.13,634.00,1.3475,2.52,2.43,4.30
15625,200,256,16,0.9212,5041.50,0.20,629.00,1.9835,3.45,3.39,6.15
15625,200,256,32,0.9658,4710.99,0.21,640.00,2.1227,3.89,3.79,6.78
15625,200,256,64,0.9849,4464.99,0.22,635.00,2.2396,4.06,3.94,7.12
15625,200,256,128,0.9890,4412.43,0.23,629.00,2.2663,4.09,3.96,7.34
15625,200,256,256,0.9897,4370.78,0.23,631.00,2.2879,4.21,4.11,7.10
15625,200,256,384,0.9896,4213.16,0.24,632.00,2.3735,4.42,4.33,7.09
31250,40,16,16,0.6921,55137.45,0.02,642.00,0.1814,0.23,0.21,0.47
31250,40,16,32,0.6940,54332.12,0.02,640.00,0.1841,0.24,0.22,0.48
31250,40,16,64,0.6944,49823.45,0.02,642.00,0.2007,0.30,0.29,0.49
31250,40,16,128,0.6944,38034.82,0.03,639.00,0.2629,0.38,0.37,0.56
31250,40,16,256,0.6945,26549.73,0.04,642.00,0.3767,0.58,0.57,0.80
31250,40,16,384,0.6945,21944.45,0.05,640.00,0.4557,0.77,0.76,0.98
31250,40,32,16,0.7940,36789.68,0.03,634.00,0.2718,0.39,0.37,0.78
31250,40,32,32,0.7994,35330.59,0.03,641.00,0.2830,0.40,0.39,0.75
31250,40,32,64,0.8006,33278.91,0.03,641.00,0.3005,0.44,0.42,0.86
31250,40,32,128,0.8007,30024.54,0.03,643.00,0.3331,0.52,0.51,0.88
31250,40,32,256,0.8007,23036.80,0.04,643.00,0.4341,0.69,0.67,1.08
31250,40,32,384,0.8007,18403.70,0.05,644.00,0.5434,0.94,0.93,1.29
31250,40,64,16,0.8706,22794.04,0.04,637.00,0.4387,0.72,0.70,1.29
31250,40,64,32,0.8835,22210.72,0.05,642.00,0.4502,0.73,0.71,1.29
31250,40,64,64,0.8865,20800.34,0.05,642.00,0.4808,0.74,0.72,1.37
31250,40,64,128,0.8868,19707.67,0.05,640.00,0.5074,0.83,0.81,1.46
31250,40,64,256,0.8868,16908.72,0.06,637.00,0.5914,1.00,0.98,1.59
31250,40,64,384,0.8868,13894.53,0.07,642.00,0.7197,1.26,1.24,1.86
31250,40,128,16,0.9119,12729.90,0.08,643.00,0.7856,1.32,1.29,2.49
31250,40,128,32,0.9375,13438.10,0.07,644.00,0.7442,1.33,1.29,2.45
31250,40,128,64,0.9457,12381.51,0.08,637.00,0.8077,1.37,1.33,2.41
31250,40,128,128,0.9471,11513.72,0.09,644.00,0.8685,1.46,1.41,2.68
31250,40,128,256,0.9472,10459.63,0.10,641.00,0.9561,1.61,1.56,2.85
31250,40,128,384,0.9472,9634.31,0.10,644.00,1.0380,1.83,1.81,2.77
31250,40,256,16,0.9238,7459.54,0.13,637.00,1.3406,2.37,2.33,3.81
31250,40,256,32,0.9602,7189.32,0.14,643.00,1.3910,2.48,2.44,4.03
31250,40,256,64,0.9758,6813.35,0.15,646.00,1.4677,2.59,2.56,4.08
31250,40,256,128,0.9794,6685.20,0.15,640.00,1.4958,2.61,2.55,4.34
31250,40,256,256,0.9798,6486.05,0.15,637.00,1.5418,2.73,2.69,4.30
31250,40,256,384,0.9798,6171.78,0.16,642.00,1.6203,2.96,2.91,4.48
31250,80,16,16,0.6921,56097.03,0.02,637.00,0.1783,0.22,0.21,0.49
31250,80,16,32,0.6980,54140.50,0.02,637.00,0.1847,0.24,0.22,0.46
31250,80,16,64,0.6988,51478.55,0.02,644.00,0.1943,0.27,0.26,0.50
31250,80,16,128,0.6989,42192.10,0.02,641.00,0.2370,0.35,0.34,0.57
31250,80,16,256,0.6988,30857.05,0.03,645.00,0.3241,0.52,0.51,0.73
31250,80,16,384,0.6988,23842.73,0.04,639.00,0.4194,0.73,0.73,0.96
31250,80,32,16,0.7895,37600.66,0.03,643.00,0.2660,0.39,0.37,0.77
31250,80,32,32,0.8030,36559.98,0.03,641.00,0.2735,0.39,0.37,0.74
31250,80,32,64,0.8052,35937.63,0.03,641.00,0.2783,0.42,0.40,0.77
31250,80,32,128,0.8054,31124.71,0.03,645.00,0.3213,0.52,0.50,0.88
31250,80,32,256,0.8053,22469.53,0.04,643.00,0.4450,0.66,0.64,1.05
31250,80,32,384,0.8053,19761.95,0.05,642.00,0.5060,0.87,0.86,1.26
31250,80,64,16,0.8522,22433.59,0.04,639.00,0.4458,0.71,0.69,1.35
31250,80,64,32,0.8814,22318.96,0.04,639.00,0.4480,0.72,0.68,1.43
31250,80,64,64,0.8883,21046.68,0.05,638.00,0.4751,0.73,0.70,1.35
31250,80,64,128,0.8896,18840.83,0.05,642.00,0.5308,0.81,0.78,1.47
31250,80,64,256,0.8894,17270.41,0.06,640.00,0.5790,0.98,0.95,1.59
31250,80,64,384,0.8894,14760.66,0.07,643.00,0.6775,1.16,1.13,1.90
31250,80,128,16,0.8798,12426.31,0.08,643.00,0.8047,1.29,1.24,2.64
31250,80,128,32,0.9266,13083.08,0.08,641.00,0.7643,1.36,1.32,2.46
31250,80,128,64,0.9443,12604.95,0.08,642.00,0.7933,1.38,1.36,2.36
31250,80,128,128,0.9480,12239.30,0.08,645.00,0.8170,1.43,1.40,2.42
31250,80,128,256,0.9482,11019.66,0.09,640.00,0.9075,1.61,1.58,2.59
31250,80,128,384,0.9482,10118.58,0.10,641.00,0.9883,1.78,1.75,2.73
31250,80,256,16,0.8854,7862.73,0.13,639.00,1.2718,2.21,2.19,3.80
31250,80,256,32,0.9432,7155.94,0.14,642.00,1.3974,2.48,2.44,4.08
31250,80,256,64,0.9706,6754.83,0.15,640.00,1.4804,2.58,2.54,4.14
31250,80,256,128,0.9789,6594.71,0.15,643.00,1.5164,2.67,2.59,4.64
31250,80,256,256,0.9797,6520.55,0.15,647.00,1.5336,2.77,2.72,4.40
31250,80,256,384,0.9797,6211.58,0.16,639.00,1.6099,2.90,2.85,4.68
31250,160,16,16,0.6946,53211.72,0.02,640.00,0.1879,0.23,0.21,0.50
31250,160,16,32,0.6984,52268.39,0.02,644.00,0.1913,0.25,0.23,0.49
31250,160,16,64,0.6989,48624.05,0.02,642.00,0.2057,0.28,0.27,0.50
31250,160,16,128,0.6989,42813.77,0.02,637.00,0.2336,0.37,0.36,0.57
31250,160,16,256,0.6989,28513.93,0.04,643.00,0.3507,0.52,0.50,0.73
31250,160,16,384,0.6989,24104.90,0.04,643.00,0.4149,0.70,0.69,0.93
31250,160,32,16,0.7919,37426.50,0.03,641.00,0.2672,0.41,0.39,0.82
31250,160,32,32,0.8031,36786.66,0.03,641.00,0.2718,0.40,0.38,0.78
31250,160,32,64,0.8058,33987.09,0.03,638.00,0.2942,0.42,0.40,0.81
31250,160,32,128,0.8057,28224.79,0.04,644.00,0.3543,0.54,0.53,0.96
31250,160,32,256,0.8057,24422.52,0.04,639.00,0.4095,0.69,0.68,1.06
31250,160,32,384,0.8057,19792.79,0.05,643.00,0.5052,0.91,0.90,1.28
31250,160,64,16,0.8579,22222.78,0.04,642.00,0.4500,0.72,0.69,1.34
31250,160,64,32,0.8825,20823.03,0.05,645.00,0.4802,0.73,0.70,1.37
31250,160,64,64,0.8892,20854.60,0.05,640.00,0.4795,0.77,0.75,1.39
31250,160,64,128,0.8899,18992.47,0.05,645.00,0.5265,0.85,0.82,1.49
31250,160,64,256,0.8899,16667.13,0.06,641.00,0.6000,0.99,0.96,1.72
31250,160,64,384,0.8899,14786.51,0.07,643.00,0.6763,1.18,1.16,1.80
31250,160,128,16,0.8893,12988.94,0.08,637.00,0.7699,1.28,1.23,2.57
31250,160,128,32,0.9308,12157.76,0.08,646.00,0.8225,1.36,1.33,2.32
31250,160,128,64,0.9457,12509.78,0.08,636.00,0.7994,1.37,1.34,2.33
31250,160,128,128,0.9481,11926.67,0.08,649.00,0.8385,1.42,1.40,2.42
31250,160,128,256,0.9483,10850.02,0.09,641.00,0.9217,1.58,1.53,2.80
31250,160,128,384,0.9482,9863.16,0.10,643.00,1.0139,1.77,1.72,2.99
31250,160,256,16,0.8964,7874.50,0.13,637.00,1.2699,2.22,2.20,3.74
31250,160,256,32,0.9490,7175.86,0.14,644.00,1.3936,2.43,2.40,4.03
31250,160,256,64,0.9729,6960.96,0.14,639.00,1.4366,2.55,2.52,4.09
31250,160,256,128,0.9794,6978.16,0.14,643.00,1.4330,2.64,2.60,4.25
31250,160,256,256,0.9801,6490.77,0.15,640.00,1.5406,2.75,2.71,4.30
31250,160,256,384,0.9802,6301.10,0.16,645.00,1.5870,2.91,2.84,4.94
31250,200,16,16,0.6954,54809.19,0.02,641.00,0.1825,0.20,0.18,0.45
31250,200,16,32,0.6987,54267.69,0.02,641.00,0.1843,0.24,0.23,0.46
31250,200,16,64,0.6995,48985.97,0.02,639.00,0.2041,0.28,0.26,0.48
31250,200,16,128,0.6994,40885.77,0.02,642.00,0.2446,0.37,0.36,0.63
31250,200,16,256,0.6994,28203.27,0.04,644.00,0.3546,0.54,0.52,0.75
31250,200,16,384,0.6994,21685.74,0.05,643.00,0.4611,0.75,0.74,0.97
31250,200,32,16,0.7940,35767.26,0.03,648.00,0.2796,0.39,0.37,0.78
31250,200,32,32,0.8040,36689.87,0.03,643.00,0.2726,0.40,0.38,0.77
31250,200,32,64,0.8062,32755.79,0.03,640.00,0.3053,0.43,0.41,0.80
31250,200,32,128,0.8061,30134.67,0.03,642.00,0.3318,0.54,0.52,0.94
31250,200,32,256,0.8062,22764.35,0.04,635.00,0.4393,0.73,0.72,1.13
31250,200,32,384,0.8062,19421.86,0.05,642.00,0.5149,0.88,0.86,1.24
31250,200,64,16,0.8600,21179.36,0.05,641.00,0.4722,0.71,0.68,1.41
31250,200,64,32,0.8839,21482.95,0.05,639.00,0.4655,0.73,0.70,1.38
31250,200,64,64,0.8898,20900.70,0.05,644.00,0.4785,0.75,0.74,1.34
31250,200,64,128,0.8905,19209.85,0.05,642.00,0.5206,0.81,0.78,1.58
31250,200,64,256,0.8903,16943.62,0.06,640.00,0.5902,1.00,0.98,1.58
31250,200,64,384,0.8903,14499.97,0.07,640.00,0.6897,1.17,1.14,1.85
31250,200,128,16,0.8916,12854.95,0.08,641.00,0.7779,1.32,1.29,2.27
31250,200,128,32,0.9324,12376.46,0.08,644.00,0.8080,1.38,1.35,2.33
31250,200,128,64,0.9460,11774.78,0.08,647.00,0.8493,1.41,1.36,2.59
31250,200,128,128,0.9484,11789.90,0.08,644.00,0.8482,1.46,1.43,2.43
31250,200,128,256,0.9483,10489.18,0.10,640.00,0.9534,1.64,1.61,2.66
31250,200,128,384,0.9483,9868.08,0.10,643.00,1.0134,1.79,1.75,2.83
31250,200,256,16,0.8988,7910.16,0.13,637.00,1.2642,2.21,2.19,3.82
31250,200,256,32,0.9509,7127.93,0.14,643.00,1.4029,2.46,2.42,4.05
31250,200,256,64,0.9737,6888.56,0.15,643.00,1.4517,2.58,2.54,4.09
31250,200,256,128,0.9798,6549.53,0.15,641.00,1.5268,2.68,2.65,4.29
31250,200,256,256,0.9803,6404.33,0.16,646.00,1.5614,2.78,2.74,4.38
31250,200,256,384,0.9803,5943.71,0.17,648.00,1.6825,2.92,2.84,5.15
