M,efconstruction,efsearch,training_memory_mb,add_memory_mb,training_time_s,total_time_s,recall,qps,mspq,search_memory_mb,search_time_s,mean_latency_ms,p50_latency_ms,p99_latency_ms
4,40,10,9.00,1062.00,0.0000,7.5731,0.3554,254837.25,0.0039,579.00,0.0392,0.0778,0.0528,0.3915
4,40,12,9.00,1062.00,0.0000,7.5731,0.3858,401629.62,0.0025,578.00,0.0249,0.0489,0.0461,0.0952
4,40,16,9.00,1062.00,0.0000,7.5731,0.4371,334215.93,0.0030,580.00,0.0299,0.0575,0.0544,0.1065
4,40,20,9.00,1062.00,0.0000,7.5731,0.4750,283967.39,0.0035,580.00,0.0352,0.0672,0.0639,0.1225
4,40,28,9.00,1062.00,0.0000,7.5731,0.5327,223677.90,0.0045,580.00,0.0447,0.0857,0.0820,0.1505
4,40,36,9.00,1062.00,0.0000,7.5731,0.5720,185147.37,0.0054,580.00,0.0540,0.1033,0.0992,0.1755
4,40,40,9.00,1062.00,0.0000,7.5731,0.5887,171940.71,0.0058,580.00,0.0582,0.1118,0.1078,0.1872
4,40,44,9.00,1062.00,0.0000,7.5731,0.6032,159776.94,0.0063,580.00,0.0626,0.1202,0.1161,0.1985
4,40,52,9.00,1062.00,0.0000,7.5731,0.6286,141213.35,0.0071,580.00,0.0708,0.1366,0.1329,0.2206
4,40,60,9.00,1062.00,0.0000,7.5731,0.6490,125791.53,0.0079,580.00,0.0795,0.1527,0.1491,0.2436
4,40,68,9.00,1062.00,0.0000,7.5731,0.6665,114598.66,0.0087,580.00,0.0873,0.1686,0.1653,0.2635
4,40,80,9.00,1062.00,0.0000,7.5731,0.6886,99814.38,0.0100,580.00,0.1002,0.1933,0.1906,0.2939
4,80,16,45.00,1066.00,0.0000,12.3848,0.4698,306899.89,0.0033,582.00,0.0326,0.0632,0.0592,0.1297
4,80,24,45.00,1066.00,0.0000,12.3848,0.5448,238240.74,0.0042,582.00,0.0420,0.0788,0.0751,0.1422
4,80,32,45.00,1066.00,0.0000,12.3848,0.5962,203802.37,0.0049,582.00,0.0491,0.0976,0.0936,0.1707
4,80,40,45.00,1066.00,0.0000,12.3848,0.6330,173234.03,0.0058,582.00,0.0577,0.1149,0.1108,0.1958
4,80,56,45.00,1066.00,0.0000,12.3848,0.6856,132819.42,0.0075,582.00,0.0753,0.1501,0.1454,0.2447
4,80,72,45.00,1066.00,0.0000,12.3848,0.7218,109305.17,0.0091,582.00,0.0915,0.1824,0.1789,0.2850
4,80,80,45.00,1066.00,0.0000,12.3848,0.7371,100037.11,0.0100,582.00,0.1000,0.1992,0.1960,0.3018
4,80,88,45.00,1066.00,0.0000,12.3848,0.7504,92663.58,0.0108,582.00,0.1079,0.2152,0.2123,0.3223
4,80,104,45.00,1066.00,0.0000,12.3848,0.7710,80608.94,0.0124,582.00,0.1241,0.2475,0.2455,0.3595
4,80,120,45.00,1066.00,0.0000,12.3848,0.7884,70832.86,0.0141,582.00,0.1412,0.2817,0.2801,0.4025
4,80,136,45.00,1066.00,0.0000,12.3848,0.8019,63114.36,0.0158,582.00,0.1584,0.3155,0.3150,0.4422
4,80,160,45.00,1066.00,0.0000,12.3848,0.8184,54266.29,0.0184,582.00,0.1843,0.3677,0.3682,0.4951
4,120,24,42.00,1066.00,0.0000,16.2124,0.5631,236309.56,0.0042,583.00,0.0423,0.0841,0.0790,0.1674
4,120,36,42.00,1066.00,0.0000,16.2124,0.6370,181776.52,0.0055,583.00,0.0550,0.1072,0.1032,0.1806
4,120,48,42.00,1066.00,0.0000,16.2124,0.6841,146079.34,0.0068,583.00,0.0685,0.1330,0.1289,0.2150
4,120,60,42.00,1066.00,0.0000,16.2124,0.7183,122658.52,0.0082,583.00,0.0815,0.1588,0.1549,0.2503
4,120,84,42.00,1066.00,0.0000,16.2124,0.7657,93888.21,0.0107,583.00,0.1065,0.2088,0.2064,0.3090
4,120,108,42.00,1066.00,0.0000,16.2124,0.7960,75861.51,0.0132,583.00,0.1318,0.2586,0.2579,0.3714
4,120,120,42.00,1066.00,0.0000,16.2124,0.8092,68936.76,0.0145,583.00,0.1451,0.2845,0.2838,0.4000
4,120,132,42.00,1066.00,0.0000,16.2124,0.8193,62881.42,0.0159,583.00,0.1590,0.3097,0.3102,0.4262
4,120,156,42.00,1066.00,0.0000,16.2124,0.8371,54271.77,0.0184,583.00,0.1843,0.3626,0.3644,0.4891
4,120,180,42.00,1066.00,0.0000,16.2124,0.8506,47375.82,0.0211,583.00,0.2111,0.4153,0.4188,0.5429
4,120,204,42.00,1066.00,0.0000,16.2124,0.8617,41961.66,0.0238,583.00,0.2383,0.4703,0.4752,0.6115
4,120,240,42.00,1066.00,0.0000,16.2124,0.8743,35289.77,0.0283,583.00,0.2834,0.5536,0.5605,0.6943
4,160,32,59.00,1071.00,0.0000,21.6330,0.6203,174330.82,0.0057,583.00,0.0574,0.1064,0.1018,0.1906
4,160,48,59.00,1071.00,0.0000,21.6330,0.6917,128456.54,0.0078,583.00,0.0778,0.1424,0.1380,0.2362
4,160,64,59.00,1071.00,0.0000,21.6330,0.7373,111907.54,0.0089,583.00,0.0894,0.1781,0.1734,0.2846
4,160,80,59.00,1071.00,0.0000,21.6330,0.7701,93923.47,0.0106,583.00,0.1065,0.2123,0.2076,0.3239
4,160,112,59.00,1071.00,0.0000,21.6330,0.8118,70730.70,0.0141,583.00,0.1414,0.2820,0.2778,0.4089
4,160,144,59.00,1071.00,0.0000,21.6330,0.8399,55493.24,0.0180,583.00,0.1802,0.3536,0.3486,0.5081
4,160,160,59.00,1071.00,0.0000,21.6330,0.8502,50357.95,0.0199,583.00,0.1986,0.3891,0.3839,0.5435
4,160,176,59.00,1071.00,0.0000,21.6330,0.8592,47078.92,0.0212,583.00,0.2124,0.4239,0.4196,0.5778
4,160,208,59.00,1071.00,0.0000,21.6330,0.8731,39086.37,0.0256,583.00,0.2558,0.4972,0.4928,0.6700
4,160,240,59.00,1071.00,0.0000,21.6330,0.8840,34992.06,0.0286,583.00,0.2858,0.5705,0.5661,0.7490
4,160,272,59.00,1071.00,0.0000,21.6330,0.8923,31153.38,0.0321,583.00,0.3210,0.6408,0.6360,0.8347
4,160,320,59.00,1071.00,0.0000,21.6330,0.9029,26395.03,0.0379,583.00,0.3789,0.7564,0.7518,0.9729
4,200,40,59.00,1072.00,0.0000,26.5093,0.6656,139261.67,0.0072,583.00,0.0718,0.1427,0.1274,0.4000
4,200,60,59.00,1072.00,0.0000,26.5093,0.7337,116454.76,0.0086,583.00,0.0859,0.1712,0.1666,0.2762
4,200,80,59.00,1072.00,0.0000,26.5093,0.7740,91729.50,0.0109,583.00,0.1090,0.2147,0.2102,0.3326
4,200,100,59.00,1072.00,0.0000,26.5093,0.8035,77341.12,0.0129,583.00,0.1293,0.2579,0.2534,0.3827
4,200,140,59.00,1072.00,0.0000,26.5093,0.8422,57488.38,0.0174,583.00,0.1739,0.3470,0.3419,0.4859
4,200,180,59.00,1072.00,0.0000,26.5093,0.8671,44431.95,0.0225,583.00,0.2251,0.4491,0.4370,0.7867
4,200,200,59.00,1072.00,0.0000,26.5093,0.8759,41175.97,0.0243,583.00,0.2429,0.4847,0.4800,0.6520
4,200,220,59.00,1072.00,0.0000,26.5093,0.8839,37774.73,0.0265,583.00,0.2647,0.5285,0.5238,0.7042
4,200,260,59.00,1072.00,0.0000,26.5093,0.8959,32185.29,0.0311,583.00,0.3107,0.6204,0.6152,0.8126
4,200,300,59.00,1072.00,0.0000,26.5093,0.9051,27885.48,0.0359,583.00,0.3586,0.7160,0.7097,0.9266
4,200,340,59.00,1072.00,0.0000,26.5093,0.9133,24406.76,0.0410,583.00,0.4097,0.8184,0.8130,1.0527
4,200,400,59.00,1072.00,0.0000,26.5093,0.9222,20266.97,0.0493,583.00,0.4934,0.9855,0.9697,1.2849
8,40,10,59.00,1101.00,0.0000,9.7281,0.5491,305091.44,0.0033,613.00,0.0328,0.0649,0.0613,0.1284
8,40,12,59.00,1101.00,0.0000,9.7281,0.5884,288831.05,0.0035,613.00,0.0346,0.0687,0.0658,0.1237
8,40,16,59.00,1101.00,0.0000,9.7281,0.6462,241531.60,0.0041,613.00,0.0414,0.0823,0.0793,0.1420
8,40,20,59.00,1101.00,0.0000,9.7281,0.6918,208372.88,0.0048,613.00,0.0480,0.0955,0.0926,0.1643
8,40,28,59.00,1101.00,0.0000,9.7281,0.7492,165585.86,0.0060,613.00,0.0604,0.1203,0.1174,0.1944
8,40,36,59.00,1101.00,0.0000,9.7281,0.7893,138066.43,0.0072,613.00,0.0724,0.1443,0.1424,0.2233
8,40,40,59.00,1101.00,0.0000,9.7281,0.8049,127622.79,0.0078,613.00,0.0784,0.1561,0.1544,0.2382
8,40,44,59.00,1101.00,0.0000,9.7281,0.8182,118500.79,0.0084,613.00,0.0844,0.1682,0.1674,0.2479
8,40,52,59.00,1101.00,0.0000,9.7281,0.8402,104132.71,0.0096,613.00,0.0960,0.1914,0.1909,0.2785
8,40,60,59.00,1101.00,0.0000,9.7281,0.8579,93076.34,0.0107,613.00,0.1074,0.2142,0.2143,0.3029
8,40,68,59.00,1101.00,0.0000,9.7281,0.8722,84084.61,0.0119,613.00,0.1189,0.2372,0.2381,0.3316
8,40,80,59.00,1101.00,0.0000,9.7281,0.8889,73281.54,0.0136,613.00,0.1365,0.2722,0.2740,0.3707
8,80,16,59.00,1101.00,0.0000,18.9386,0.6927,185391.58,0.0054,613.00,0.0539,0.0998,0.0958,0.1803
8,80,24,59.00,1101.00,0.0000,18.9386,0.7689,140097.95,0.0071,613.00,0.0714,0.1282,0.1251,0.2158
8,80,32,59.00,1101.00,0.0000,18.9386,0.8167,122160.92,0.0082,613.00,0.0819,0.1577,0.1551,0.2530
8,80,40,59.00,1101.00,0.0000,18.9386,0.8479,107291.15,0.0093,613.00,0.0932,0.1858,0.1834,0.2859
8,80,56,59.00,1101.00,0.0000,18.9386,0.8906,82348.50,0.0121,613.00,0.1214,0.2421,0.2402,0.3582
8,80,72,59.00,1101.00,0.0000,18.9386,0.9157,65508.26,0.0153,613.00,0.1527,0.2973,0.2980,0.4164
8,80,80,59.00,1101.00,0.0000,18.9386,0.9245,60210.39,0.0166,613.00,0.1661,0.3235,0.3245,0.4514
8,80,88,59.00,1101.00,0.0000,18.9386,0.9322,57034.00,0.0175,613.00,0.1753,0.3498,0.3504,0.4841
8,80,104,59.00,1101.00,0.0000,18.9386,0.9443,48291.93,0.0207,613.00,0.2071,0.4029,0.4048,0.5499
8,80,120,59.00,1101.00,0.0000,18.9386,0.9530,43870.25,0.0228,613.00,0.2279,0.4550,0.4577,0.6142
8,80,136,59.00,1101.00,0.0000,18.9386,0.9590,38112.63,0.0262,613.00,0.2624,0.5078,0.5118,0.6877
8,80,160,59.00,1101.00,0.0000,18.9386,0.9666,33194.14,0.0301,613.00,0.3013,0.5851,0.5893,0.7833
8,120,24,59.00,1101.00,0.0000,25.2852,0.7851,163078.37,0.0061,613.00,0.0613,0.1220,0.1170,0.2211
8,120,36,59.00,1101.00,0.0000,25.2852,0.8484,114960.79,0.0087,613.00,0.0870,0.1599,0.1570,0.2661
8,120,48,59.00,1101.00,0.0000,25.2852,0.8856,99956.52,0.0100,613.00,0.1000,0.1994,0.1981,0.2957
8,120,60,59.00,1101.00,0.0000,25.2852,0.9101,84094.26,0.0119,613.00,0.1189,0.2372,0.2371,0.3374
8,120,84,59.00,1101.00,0.0000,25.2852,0.9382,63501.56,0.0157,613.00,0.1575,0.3142,0.3154,0.4302
8,120,108,59.00,1101.00,0.0000,25.2852,0.9545,51199.06,0.0195,613.00,0.1953,0.3899,0.3936,0.5185
8,120,120,59.00,1101.00,0.0000,25.2852,0.9602,46628.53,0.0214,613.00,0.2145,0.4280,0.4321,0.5656
8,120,132,59.00,1101.00,0.0000,25.2852,0.9647,42462.72,0.0236,613.00,0.2355,0.4660,0.4731,0.6108
8,120,156,59.00,1101.00,0.0000,25.2852,0.9713,36861.35,0.0271,613.00,0.2713,0.5417,0.5485,0.7060
8,120,180,59.00,1101.00,0.0000,25.2852,0.9765,32372.17,0.0309,613.00,0.3089,0.6167,0.6251,0.8039
8,120,204,59.00,1101.00,0.0000,25.2852,0.9801,28828.05,0.0347,613.00,0.3469,0.6926,0.7016,0.8983
8,120,240,59.00,1101.00,0.0000,25.2852,0.9843,24770.63,0.0404,613.00,0.4037,0.8062,0.8166,1.0423
8,160,32,59.00,1101.00,0.0000,34.4478,0.8348,119380.16,0.0084,613.00,0.0838,0.1668,0.1625,0.2769
8,160,48,59.00,1101.00,0.0000,34.4478,0.8890,86009.09,0.0116,613.00,0.1163,0.2246,0.2215,0.3344
8,160,64,59.00,1101.00,0.0000,34.4478,0.9197,68633.40,0.0146,613.00,0.1457,0.2826,0.2810,0.4027
8,160,80,59.00,1101.00,0.0000,34.4478,0.9383,58732.87,0.0170,613.00,0.1703,0.3398,0.3380,0.4711
8,160,112,59.00,1101.00,0.0000,34.4478,0.9598,44233.63,0.0226,613.00,0.2261,0.4514,0.4509,0.6130
8,160,144,59.00,1101.00,0.0000,34.4478,0.9711,35453.41,0.0282,613.00,0.2821,0.5631,0.5637,0.7575
8,160,160,59.00,1101.00,0.0000,34.4478,0.9747,31400.14,0.0318,613.00,0.3185,0.6174,0.6188,0.8268
8,160,176,59.00,1101.00,0.0000,34.4478,0.9780,29819.16,0.0335,613.00,0.3354,0.6696,0.6700,0.8979
8,160,208,59.00,1101.00,0.0000,34.4478,0.9827,25703.85,0.0389,613.00,0.3890,0.7765,0.7795,1.0357
8,160,240,59.00,1101.00,0.0000,34.4478,0.9859,20204.83,0.0495,613.00,0.4949,0.8815,0.8876,1.1811
8,160,272,59.00,1101.00,0.0000,34.4478,0.9883,19378.81,0.0516,613.00,0.5160,0.9887,0.9926,1.3176
8,160,320,59.00,1101.00,0.0000,34.4478,0.9906,17352.62,0.0576,613.00,0.5763,1.1511,1.1525,1.5377
8,200,40,59.00,1101.00,0.0000,39.0543,0.8690,102646.13,0.0097,613.00,0.0974,0.1775,0.1751,0.2849
8,200,60,59.00,1101.00,0.0000,39.0543,0.9169,81901.01,0.0122,613.00,0.1221,0.2435,0.2423,0.3502
8,200,80,59.00,1101.00,0.0000,39.0543,0.9406,64753.61,0.0154,613.00,0.1544,0.3081,0.3087,0.4208
8,200,100,59.00,1101.00,0.0000,39.0543,0.9557,53371.62,0.0187,613.00,0.1874,0.3739,0.3755,0.5017
8,200,140,59.00,1101.00,0.0000,39.0543,0.9717,38764.40,0.0258,613.00,0.2580,0.5039,0.5090,0.6585
8,200,180,59.00,1101.00,0.0000,39.0543,0.9802,30970.12,0.0323,613.00,0.3229,0.6313,0.6377,0.8209
8,200,200,59.00,1101.00,0.0000,39.0543,0.9829,28739.34,0.0348,613.00,0.3480,0.6948,0.7022,0.9034
8,200,220,59.00,1101.00,0.0000,39.0543,0.9852,26341.98,0.0380,613.00,0.3796,0.7582,0.7665,0.9837
8,200,260,59.00,1101.00,0.0000,39.0543,0.9885,22473.44,0.0445,613.00,0.4450,0.8889,0.8982,1.1472
8,200,300,59.00,1101.00,0.0000,39.0543,0.9908,19566.13,0.0511,613.00,0.5111,1.0207,1.0311,1.3164
8,200,340,59.00,1101.00,0.0000,39.0543,0.9923,17283.25,0.0579,613.00,0.5786,1.1557,1.1677,1.4890
8,200,400,59.00,1101.00,0.0000,39.0543,0.9940,14642.77,0.0683,613.00,0.6829,1.3643,1.3774,1.7475
16,40,10,59.00,1162.00,0.0000,12.4577,0.6404,211356.31,0.0047,674.00,0.0473,0.0921,0.0887,0.1705
16,40,12,59.00,1162.00,0.0000,12.4577,0.6758,199194.08,0.0050,674.00,0.0502,0.0999,0.0966,0.1752
16,40,16,59.00,1162.00,0.0000,12.4577,0.7307,165787.20,0.0060,674.00,0.0603,0.1199,0.1167,0.2052
16,40,20,59.00,1162.00,0.0000,12.4577,0.7711,143490.74,0.0070,674.00,0.0697,0.1388,0.1362,0.2304
16,40,28,59.00,1162.00,0.0000,12.4577,0.8239,114077.81,0.0088,674.00,0.0877,0.1748,0.1730,0.2781
16,40,36,59.00,1162.00,0.0000,12.4577,0.8580,95066.41,0.0105,674.00,0.1052,0.2097,0.2089,0.3231
16,40,40,59.00,1162.00,0.0000,12.4577,0.8717,87919.43,0.0114,674.00,0.1137,0.2268,0.2269,0.3439
16,40,44,59.00,1162.00,0.0000,12.4577,0.8823,81745.05,0.0122,674.00,0.1223,0.2440,0.2446,0.3648
16,40,52,59.00,1162.00,0.0000,12.4577,0.9001,71790.06,0.0139,674.00,0.1393,0.2780,0.2792,0.4132
16,40,60,59.00,1162.00,0.0000,12.4577,0.9149,63453.01,0.0158,674.00,0.1576,0.3129,0.3158,0.4551
16,40,68,59.00,1162.00,0.0000,12.4577,0.9258,57427.40,0.0174,674.00,0.1741,0.3476,0.3503,0.5029
16,40,80,59.00,1162.00,0.0000,12.4577,0.9382,48697.11,0.0205,674.00,0.2054,0.3979,0.4028,0.5674
16,80,16,59.00,1162.00,0.0000,24.1458,0.7859,143814.11,0.0070,674.00,0.0695,0.1382,0.1345,0.2422
16,80,24,59.00,1162.00,0.0000,24.1458,0.8522,111077.41,0.0090,674.00,0.0900,0.1793,0.1773,0.2940
16,80,32,59.00,1162.00,0.0000,24.1458,0.8891,90499.16,0.0110,674.00,0.1105,0.2204,0.2198,0.3429
16,80,40,59.00,1162.00,0.0000,24.1458,0.9142,76518.39,0.0131,674.00,0.1307,0.2607,0.2616,0.3902
16,80,56,59.00,1162.00,0.0000,24.1458,0.9440,58571.75,0.0171,674.00,0.1707,0.3405,0.3433,0.4971
16,80,72,59.00,1162.00,0.0000,24.1458,0.9608,47715.92,0.0210,674.00,0.2096,0.4183,0.4239,0.5981
16,80,80,59.00,1162.00,0.0000,24.1458,0.9666,43640.07,0.0229,674.00,0.2291,0.4575,0.4635,0.6513
16,80,88,59.00,1162.00,0.0000,24.1458,0.9707,40382.84,0.0248,674.00,0.2476,0.4942,0.5013,0.7063
16,80,104,59.00,1162.00,0.0000,24.1458,0.9776,35045.19,0.0285,674.00,0.2853,0.5698,0.5783,0.8109
16,80,120,59.00,1162.00,0.0000,24.1458,0.9824,30278.49,0.0330,674.00,0.3303,0.6416,0.6549,0.9136
16,80,136,59.00,1162.00,0.0000,24.1458,0.9856,25162.74,0.0397,674.00,0.3974,0.7105,0.7228,1.0169
16,80,160,59.00,1162.00,0.0000,24.1458,0.9890,21874.46,0.0457,674.00,0.4572,0.8163,0.8313,1.1579
16,120,24,59.00,1162.00,0.0000,34.9239,0.8665,111721.54,0.0090,674.00,0.0895,0.1680,0.1632,0.2953
16,120,36,59.00,1162.00,0.0000,34.9239,0.9165,83287.90,0.0120,674.00,0.1201,0.2247,0.2217,0.3676
16,120,48,59.00,1162.00,0.0000,34.9239,0.9431,71875.04,0.0139,674.00,0.1391,0.2747,0.2782,0.4158
16,120,60,59.00,1162.00,0.0000,34.9239,0.9592,60042.91,0.0167,674.00,0.1665,0.3261,0.3349,0.4489
16,120,84,59.00,1162.00,0.0000,34.9239,0.9766,45140.58,0.0222,674.00,0.2215,0.4334,0.4459,0.5946
16,120,108,59.00,1162.00,0.0000,34.9239,0.9848,36463.39,0.0274,674.00,0.2742,0.5371,0.5534,0.7324
16,120,120,59.00,1162.00,0.0000,34.9239,0.9874,30409.08,0.0329,674.00,0.3288,0.5868,0.6052,0.8023
16,120,132,59.00,1162.00,0.0000,34.9239,0.9895,28003.97,0.0357,674.00,0.3571,0.6364,0.6567,0.8677
16,120,156,59.00,1162.00,0.0000,34.9239,0.9924,24180.80,0.0414,674.00,0.4136,0.7350,0.7588,1.0027
16,120,180,59.00,1162.00,0.0000,34.9239,0.9942,21318.77,0.0469,674.00,0.4691,0.8338,0.8594,1.1362
16,120,204,59.00,1162.00,0.0000,34.9239,0.9954,20953.44,0.0477,674.00,0.4772,0.9363,0.9650,1.2782
16,120,240,59.00,1162.00,0.0000,34.9239,0.9966,18150.09,0.0551,674.00,0.5510,1.0832,1.1146,1.4901
16,160,32,59.00,1162.00,0.0000,46.7390,0.9108,76662.28,0.0130,674.00,0.1304,0.2358,0.2337,0.3853
16,160,48,59.00,1162.00,0.0000,46.7390,0.9480,55401.52,0.0181,674.00,0.1805,0.3188,0.3226,0.4722
16,160,64,59.00,1162.00,0.0000,46.7390,0.9676,43732.60,0.0229,674.00,0.2287,0.4030,0.4103,0.5823
16,160,80,59.00,1162.00,0.0000,46.7390,0.9779,36346.76,0.0275,674.00,0.2751,0.4846,0.4936,0.7036
16,160,112,59.00,1162.00,0.0000,46.7390,0.9880,29881.50,0.0335,674.00,0.3347,0.6423,0.6581,0.9046
16,160,144,59.00,1162.00,0.0000,46.7390,0.9927,22125.43,0.0452,674.00,0.4520,0.7942,0.8114,1.1382
16,160,160,59.00,1162.00,0.0000,46.7390,0.9941,19888.61,0.0503,674.00,0.5028,0.8761,0.8896,1.3122
16,160,176,59.00,1162.00,0.0000,46.7390,0.9949,20876.73,0.0479,674.00,0.4790,0.9551,0.9596,1.4430
16,160,208,59.00,1162.00,0.0000,46.7390,0.9964,19161.23,0.0522,674.00,0.5219,1.0418,1.0660,1.4683
16,160,240,59.00,1162.00,0.0000,46.7390,0.9973,16362.05,0.0611,674.00,0.6112,1.1807,1.2118,1.6714
16,160,272,59.00,1162.00,0.0000,46.7390,0.9979,14781.75,0.0677,674.00,0.6765,1.3073,1.3170,1.9244
16,160,320,59.00,1162.00,0.0000,46.7390,0.9985,13372.96,0.0748,674.00,0.7478,1.4862,1.5234,2.0709
16,200,40,59.00,1162.00,0.0000,54.2064,0.9356,74161.41,0.0135,674.00,0.1348,0.2637,0.2650,0.4074
16,200,60,59.00,1162.00,0.0000,54.2064,0.9659,54447.89,0.0184,674.00,0.1837,0.3637,0.3699,0.5136
16,200,80,59.00,1162.00,0.0000,54.2064,0.9797,43140.99,0.0232,674.00,0.2318,0.4627,0.4717,0.6466
16,200,100,59.00,1162.00,0.0000,54.2064,0.9867,35530.33,0.0281,674.00,0.2814,0.5594,0.5726,0.7824
16,200,140,59.00,1162.00,0.0000,54.2064,0.9928,26864.24,0.0372,674.00,0.3722,0.7433,0.7611,1.0362
16,200,180,59.00,1162.00,0.0000,54.2064,0.9958,21606.45,0.0463,674.00,0.4628,0.9240,0.9444,1.2921
16,200,200,59.00,1162.00,0.0000,54.2064,0.9966,19700.55,0.0508,674.00,0.5076,1.0137,1.0377,1.4205
16,200,220,59.00,1162.00,0.0000,54.2064,0.9972,18093.73,0.0553,674.00,0.5527,1.1014,1.1276,1.5391
16,200,260,59.00,1162.00,0.0000,54.2064,0.9980,15602.12,0.0641,674.00,0.6409,1.2770,1.3058,1.7834
16,200,300,59.00,1162.00,0.0000,54.2064,0.9985,13713.01,0.0729,674.00,0.7292,1.4529,1.4924,2.0243
16,200,340,59.00,1162.00,0.0000,54.2064,0.9987,12239.55,0.0817,674.00,0.8170,1.6283,1.6707,2.2664
16,200,400,59.00,1162.00,0.0000,54.2064,0.9990,10500.23,0.0952,674.00,0.9524,1.8973,1.9366,2.6176
24,40,10,59.00,1223.00,0.0000,20.9279,0.7397,140254.43,0.0071,735.00,0.0713,0.1417,0.1361,0.2568
24,40,12,59.00,1223.00,0.0000,20.9279,0.7748,119200.43,0.0084,735.00,0.0839,0.1586,0.1531,0.2808
24,40,16,59.00,1223.00,0.0000,20.9279,0.8234,98881.95,0.0101,735.00,0.1011,0.1975,0.1863,0.5121
24,40,20,59.00,1223.00,0.0000,20.9279,0.8580,88773.94,0.0113,735.00,0.1126,0.2188,0.2156,0.3633
24,40,28,59.00,1223.00,0.0000,20.9279,0.9011,70144.27,0.0143,735.00,0.1426,0.2771,0.2743,0.4319
24,40,36,59.00,1223.00,0.0000,20.9279,0.9263,59807.23,0.0167,735.00,0.1672,0.3337,0.3334,0.5083
24,40,40,59.00,1223.00,0.0000,20.9279,0.9358,55330.81,0.0181,735.00,0.1807,0.3607,0.3611,0.5460
24,40,44,59.00,1223.00,0.0000,20.9279,0.9435,51306.76,0.0195,735.00,0.1949,0.3891,0.3910,0.5809
24,40,52,59.00,1223.00,0.0000,20.9279,0.9548,45125.93,0.0222,735.00,0.2216,0.4423,0.4452,0.6446
24,40,60,59.00,1223.00,0.0000,20.9279,0.9636,40282.26,0.0248,735.00,0.2482,0.4953,0.4999,0.7143
24,40,68,59.00,1223.00,0.0000,20.9279,0.9698,36424.58,0.0275,735.00,0.2745,0.5481,0.5546,0.7916
24,40,80,59.00,1223.00,0.0000,20.9279,0.9763,31896.27,0.0314,735.00,0.3135,0.6260,0.6346,0.8989
24,80,16,59.00,1223.00,0.0000,27.0219,0.8121,125603.72,0.0080,735.00,0.0796,0.1584,0.1552,0.2808
24,80,24,59.00,1223.00,0.0000,27.0219,0.8726,97425.83,0.0103,735.00,0.1026,0.2047,0.2039,0.3321
24,80,32,59.00,1223.00,0.0000,27.0219,0.9067,76512.34,0.0131,735.00,0.1307,0.2537,0.2550,0.4004
24,80,40,59.00,1223.00,0.0000,27.0219,0.9299,64679.78,0.0155,735.00,0.1546,0.2998,0.3021,0.4584
24,80,56,59.00,1223.00,0.0000,27.0219,0.9555,51200.61,0.0195,735.00,0.1953,0.3898,0.3959,0.5762
24,80,72,59.00,1223.00,0.0000,27.0219,0.9697,41851.45,0.0239,735.00,0.2389,0.4769,0.4839,0.6999
24,80,80,59.00,1223.00,0.0000,27.0219,0.9744,38380.38,0.0261,735.00,0.2605,0.5202,0.5287,0.7664
24,80,88,59.00,1223.00,0.0000,27.0219,0.9783,35549.98,0.0281,735.00,0.2813,0.5615,0.5705,0.8237
24,80,104,59.00,1223.00,0.0000,27.0219,0.9833,30970.35,0.0323,735.00,0.3229,0.6446,0.6561,0.9421
24,80,120,59.00,1223.00,0.0000,27.0219,0.9871,27482.40,0.0364,735.00,0.3639,0.7266,0.7401,1.0658
24,80,136,59.00,1223.00,0.0000,27.0219,0.9897,24126.88,0.0414,735.00,0.4145,0.8069,0.8253,1.1808
24,80,160,59.00,1223.00,0.0000,27.0219,0.9923,19280.19,0.0519,735.00,0.5187,0.9225,0.9415,1.3543
24,120,24,59.00,1223.00,0.0000,38.9931,0.8903,100237.71,0.0100,735.00,0.0998,0.1887,0.1875,0.3239
24,120,36,59.00,1223.00,0.0000,38.9931,0.9337,74662.77,0.0134,735.00,0.1339,0.2475,0.2524,0.3640
24,120,48,59.00,1223.00,0.0000,38.9931,0.9566,62188.06,0.0161,735.00,0.1608,0.3106,0.3182,0.4405
24,120,60,59.00,1223.00,0.0000,38.9931,0.9698,52086.03,0.0192,735.00,0.1920,0.3708,0.3825,0.5188
24,120,84,59.00,1223.00,0.0000,38.9931,0.9825,39289.45,0.0255,735.00,0.2545,0.4923,0.5092,0.6802
24,120,108,59.00,1223.00,0.0000,38.9931,0.9891,30449.82,0.0328,735.00,0.3284,0.6061,0.6277,0.8360
24,120,120,59.00,1223.00,0.0000,38.9931,0.9912,29055.38,0.0344,735.00,0.3442,0.6621,0.6853,0.9110
24,120,132,59.00,1223.00,0.0000,38.9931,0.9928,25946.46,0.0385,735.00,0.3854,0.7191,0.7449,0.9878
24,120,156,59.00,1223.00,0.0000,38.9931,0.9949,23190.46,0.0431,735.00,0.4312,0.8296,0.8591,1.1377
24,120,180,59.00,1223.00,0.0000,38.9931,0.9961,19679.71,0.0508,735.00,0.5081,0.9420,0.9751,1.2943
24,120,204,59.00,1223.00,0.0000,38.9931,0.9969,18274.47,0.0547,735.00,0.5472,1.0518,1.0891,1.4386
24,120,240,59.00,1223.00,0.0000,38.9931,0.9979,15281.98,0.0654,735.00,0.6544,1.2155,1.2566,1.6640
24,160,32,59.00,1223.00,0.0000,52.2209,0.9292,63000.84,0.0159,735.00,0.1587,0.2849,0.2867,0.4533
24,160,48,59.00,1223.00,0.0000,52.2209,0.9617,51203.11,0.0195,735.00,0.1953,0.3895,0.3956,0.5818
24,160,64,59.00,1223.00,0.0000,52.2209,0.9766,40733.06,0.0246,735.00,0.2455,0.4900,0.4995,0.7245
24,160,80,59.00,1223.00,0.0000,52.2209,0.9844,33917.36,0.0295,735.00,0.2948,0.5887,0.6005,0.8705
24,160,112,59.00,1223.00,0.0000,52.2209,0.9918,25627.66,0.0390,735.00,0.3902,0.7783,0.7950,1.1520
24,160,144,59.00,1223.00,0.0000,52.2209,0.9951,20795.45,0.0481,735.00,0.4809,0.9603,0.9826,1.4198
24,160,160,59.00,1223.00,0.0000,52.2209,0.9961,19036.06,0.0525,735.00,0.5253,1.0482,1.0747,1.5503
24,160,176,59.00,1223.00,0.0000,52.2209,0.9968,17600.52,0.0568,735.00,0.5682,1.1346,1.1600,1.6865
24,160,208,59.00,1223.00,0.0000,52.2209,0.9976,15262.13,0.0655,735.00,0.6552,1.3063,1.3362,1.9307
24,160,240,59.00,1223.00,0.0000,52.2209,0.9983,13518.86,0.0740,735.00,0.7397,1.4777,1.5104,2.1955
24,160,272,59.00,1223.00,0.0000,52.2209,0.9985,12151.57,0.0823,735.00,0.8229,1.6389,1.6735,2.4359
24,160,320,59.00,1223.00,0.0000,52.2209,0.9989,10593.59,0.0944,735.00,0.9440,1.8820,1.9198,2.7780
24,200,40,59.00,1223.00,0.0000,59.8308,0.9523,57000.39,0.0175,735.00,0.1754,0.3111,0.3157,0.4790
24,200,60,59.00,1223.00,0.0000,59.8308,0.9763,41085.34,0.0243,735.00,0.2434,0.4289,0.4378,0.6291
24,200,80,59.00,1223.00,0.0000,59.8308,0.9864,35494.21,0.0282,735.00,0.2817,0.5448,0.5593,0.7897
24,200,100,59.00,1223.00,0.0000,59.8308,0.9912,29412.33,0.0340,735.00,0.3400,0.6552,0.6740,0.9548
24,200,140,59.00,1223.00,0.0000,59.8308,0.9958,22124.44,0.0452,735.00,0.4520,0.8712,0.8978,1.2666
24,200,180,59.00,1223.00,0.0000,59.8308,0.9975,16264.29,0.0615,735.00,0.6148,1.0766,1.1075,1.5900
24,200,200,59.00,1223.00,0.0000,59.8308,0.9980,16669.96,0.0600,735.00,0.5999,1.1816,1.2136,1.7303
24,200,220,59.00,1223.00,0.0000,59.8308,0.9984,13680.00,0.0731,735.00,0.7310,1.2771,1.3134,1.8730
24,200,260,59.00,1223.00,0.0000,59.8308,0.9988,13368.82,0.0748,735.00,0.7480,1.4763,1.5168,2.1429
24,200,300,59.00,1223.00,0.0000,59.8308,0.9990,11804.67,0.0847,735.00,0.8471,1.6715,1.7111,2.4278
24,200,340,59.00,1223.00,0.0000,59.8308,0.9991,10408.86,0.0961,735.00,0.9607,1.8651,1.9178,2.7146
24,200,400,59.00,1223.00,0.0000,59.8308,0.9992,8136.37,0.1229,735.00,1.2290,2.1582,2.2081,3.1518
32,40,10,59.00,1284.00,0.0000,23.1063,0.7923,105600.72,0.0095,796.00,0.0947,0.1707,0.1647,0.3055
32,40,12,59.00,1284.00,0.0000,23.1063,0.8219,105277.28,0.0095,796.00,0.0950,0.1892,0.1843,0.3241
32,40,16,59.00,1284.00,0.0000,23.1063,0.8645,88160.44,0.0113,796.00,0.1134,0.2262,0.2219,0.3756
32,40,20,59.00,1284.00,0.0000,23.1063,0.8915,76037.90,0.0132,796.00,0.1315,0.2624,0.2596,0.4240
32,40,28,59.00,1284.00,0.0000,23.1063,0.9261,59922.78,0.0167,796.00,0.1669,0.3330,0.3330,0.5093
32,40,36,59.00,1284.00,0.0000,23.1063,0.9460,49612.27,0.0202,796.00,0.2016,0.4022,0.4047,0.6005
32,40,40,59.00,1284.00,0.0000,23.1063,0.9539,44258.97,0.0226,796.00,0.2259,0.4375,0.4420,0.6446
32,40,44,59.00,1284.00,0.0000,23.1063,0.9597,42415.82,0.0236,796.00,0.2358,0.4705,0.4755,0.6904
32,40,52,59.00,1284.00,0.0000,23.1063,0.9683,37248.80,0.0268,796.00,0.2685,0.5359,0.5424,0.7854
32,40,60,59.00,1284.00,0.0000,23.1063,0.9748,33315.52,0.0300,796.00,0.3002,0.5993,0.6087,0.8779
32,40,68,59.00,1284.00,0.0000,23.1063,0.9794,30231.59,0.0331,796.00,0.3308,0.6604,0.6717,0.9569
32,40,80,59.00,1284.00,0.0000,23.1063,0.9838,26553.51,0.0377,796.00,0.3766,0.7523,0.7648,1.0991
32,80,16,59.00,1284.00,0.0000,28.8770,0.8185,116869.49,0.0086,796.00,0.0856,0.1703,0.1657,0.3053
32,80,24,59.00,1284.00,0.0000,28.8770,0.8767,89508.61,0.0112,796.00,0.1117,0.2183,0.2170,0.3638
32,80,32,59.00,1284.00,0.0000,28.8770,0.9104,74731.05,0.0134,796.00,0.1338,0.2668,0.2675,0.4214
32,80,40,59.00,1284.00,0.0000,28.8770,0.9325,60649.84,0.0165,796.00,0.1649,0.3157,0.3129,0.5814
32,80,56,59.00,1284.00,0.0000,28.8770,0.9577,49074.89,0.0204,796.00,0.2038,0.3968,0.4048,0.6005
32,80,72,59.00,1284.00,0.0000,28.8770,0.9715,40167.32,0.0249,796.00,0.2490,0.4834,0.4705,1.2622
32,80,80,59.00,1284.00,0.0000,28.8770,0.9760,38140.20,0.0262,796.00,0.2622,0.5126,0.5054,1.1838
32,80,88,59.00,1284.00,0.0000,28.8770,0.9795,37338.02,0.0268,796.00,0.2678,0.5230,0.5350,0.7641
32,80,104,59.00,1284.00,0.0000,28.8770,0.9845,32425.78,0.0308,796.00,0.3084,0.6009,0.6168,0.8786
32,80,120,59.00,1284.00,0.0000,28.8770,0.9878,28785.42,0.0347,796.00,0.3474,0.6767,0.6950,0.9784
32,80,136,59.00,1284.00,0.0000,28.8770,0.9901,25931.67,0.0386,796.00,0.3856,0.7507,0.7715,1.0900
32,80,160,59.00,1284.00,0.0000,28.8770,0.9926,22530.52,0.0444,796.00,0.4438,0.8644,0.8895,1.2484
32,120,24,59.00,1284.00,0.0000,41.6557,0.8977,82871.56,0.0121,796.00,0.1207,0.2405,0.2387,0.4061
32,120,36,59.00,1284.00,0.0000,41.6557,0.9397,62124.81,0.0161,796.00,0.1610,0.3208,0.3240,0.5088
32,120,48,59.00,1284.00,0.0000,41.6557,0.9605,49382.25,0.0203,796.00,0.2025,0.3998,0.4087,0.6007
32,120,60,59.00,1284.00,0.0000,41.6557,0.9731,41333.93,0.0242,796.00,0.2419,0.4784,0.4902,0.7187
32,120,84,59.00,1284.00,0.0000,41.6557,0.9850,31463.04,0.0318,796.00,0.3178,0.6287,0.6444,0.9437
32,120,108,59.00,1284.00,0.0000,41.6557,0.9907,25652.19,0.0390,796.00,0.3898,0.7707,0.7925,1.1560
32,120,120,59.00,1284.00,0.0000,41.6557,0.9925,23575.47,0.0424,796.00,0.4242,0.8430,0.8668,1.2507
32,120,132,59.00,1284.00,0.0000,41.6557,0.9937,21672.00,0.0461,796.00,0.4614,0.9216,0.9413,1.3920
32,120,156,59.00,1284.00,0.0000,41.6557,0.9956,18390.74,0.0544,796.00,0.5438,1.0585,1.0849,1.6015
32,120,180,59.00,1284.00,0.0000,41.6557,0.9966,14800.40,0.0676,796.00,0.6757,1.1987,1.2223,1.8225
32,120,204,59.00,1284.00,0.0000,41.6557,0.9973,13215.67,0.0757,796.00,0.7567,1.3437,1.3582,2.1394
32,120,240,59.00,1284.00,0.0000,41.6557,0.9978,11567.21,0.0865,796.00,0.8645,1.5248,1.5494,2.3471
32,160,32,59.00,1284.00,0.0000,55.4476,0.9369,73603.06,0.0136,796.00,0.1359,0.2657,0.2673,0.4568
32,160,48,59.00,1284.00,0.0000,55.4476,0.9664,53588.44,0.0187,796.00,0.1866,0.3600,0.3691,0.5650
32,160,64,59.00,1284.00,0.0000,55.4476,0.9800,42584.87,0.0235,796.00,0.2348,0.4487,0.4658,0.6366
32,160,80,59.00,1284.00,0.0000,55.4476,0.9868,35206.37,0.0284,796.00,0.2840,0.5403,0.5605,0.7638
32,160,112,59.00,1284.00,0.0000,55.4476,0.9932,26043.90,0.0384,796.00,0.3840,0.7127,0.7406,1.0121
32,160,144,59.00,1284.00,0.0000,55.4476,0.9959,21634.29,0.0462,796.00,0.4622,0.8799,0.9155,1.2448
32,160,160,59.00,1284.00,0.0000,55.4476,0.9967,19203.64,0.0521,796.00,0.5207,0.9639,0.9996,1.3663
32,160,176,59.00,1284.00,0.0000,55.4476,0.9972,17754.11,0.0563,796.00,0.5632,1.0449,1.0865,1.4761
32,160,208,59.00,1284.00,0.0000,55.4476,0.9980,15344.64,0.0652,796.00,0.6517,1.2101,1.2563,1.7060
32,160,240,59.00,1284.00,0.0000,55.4476,0.9984,13531.08,0.0739,796.00,0.7390,1.3722,1.4226,1.9357
32,160,272,59.00,1284.00,0.0000,55.4476,0.9987,12169.82,0.0822,796.00,0.8217,1.5289,1.5855,2.1481
32,160,320,59.00,1284.00,0.0000,55.4476,0.9990,10516.21,0.0951,796.00,0.9509,1.7704,1.8359,2.4901
32,200,40,59.00,1284.00,0.0000,69.1158,0.9597,54797.15,0.0182,796.00,0.1825,0.3265,0.3329,0.4980
32,200,60,59.00,1284.00,0.0000,69.1158,0.9802,39186.82,0.0255,796.00,0.2552,0.4527,0.4643,0.6744
32,200,80,59.00,1284.00,0.0000,69.1158,0.9887,34359.98,0.0291,796.00,0.2910,0.5732,0.5882,0.8422
32,200,100,59.00,1284.00,0.0000,69.1158,0.9928,28561.52,0.0350,796.00,0.3501,0.6899,0.7097,1.0111
32,200,140,59.00,1284.00,0.0000,69.1158,0.9962,21557.51,0.0464,796.00,0.4639,0.9135,0.9388,1.3380
32,200,180,59.00,1284.00,0.0000,69.1158,0.9976,17403.90,0.0575,796.00,0.5746,1.1312,1.1643,1.6583
32,200,200,59.00,1284.00,0.0000,69.1158,0.9981,15890.67,0.0629,796.00,0.6293,1.2398,1.2764,1.8033
32,200,220,59.00,1284.00,0.0000,69.1158,0.9983,14641.84,0.0683,796.00,0.6830,1.3464,1.3865,1.9669
32,200,260,59.00,1284.00,0.0000,69.1158,0.9987,12688.92,0.0788,796.00,0.7881,1.5534,1.6019,2.2770
32,200,300,59.00,1284.00,0.0000,69.1158,0.9989,11187.80,0.0894,796.00,0.8938,1.7576,1.8047,2.5562
32,200,340,59.00,1284.00,0.0000,69.1158,0.9990,9991.48,0.1001,796.00,1.0009,1.9732,2.0279,2.8825
32,200,400,59.00,1284.00,0.0000,69.1158,0.9992,8642.46,0.1157,796.00,1.1571,2.3012,2.3602,3.3547
48,40,10,59.00,1406.00,0.0000,27.5990,0.8311,107005.53,0.0093,918.00,0.0935,0.1852,0.1690,0.6859
48,40,12,59.00,1406.00,0.0000,27.5990,0.8573,105345.74,0.0095,918.00,0.0949,0.1892,0.1867,0.3140
48,40,16,59.00,1406.00,0.0000,27.5990,0.8919,88074.79,0.0114,918.00,0.1135,0.2257,0.2250,0.3533
48,40,20,59.00,1406.00,0.0000,27.5990,0.9161,75353.80,0.0133,918.00,0.1327,0.2627,0.2640,0.4045
48,40,28,59.00,1406.00,0.0000,27.5990,0.9448,59589.69,0.0168,918.00,0.1678,0.3323,0.3380,0.4853
48,40,36,59.00,1406.00,0.0000,27.5990,0.9614,49361.04,0.0203,918.00,0.2026,0.4007,0.4103,0.5678
48,40,40,59.00,1406.00,0.0000,27.5990,0.9667,45674.76,0.0219,918.00,0.2189,0.4325,0.4439,0.6053
48,40,44,59.00,1406.00,0.0000,27.5990,0.9708,42299.64,0.0236,918.00,0.2364,0.4662,0.4786,0.6510
48,40,52,59.00,1406.00,0.0000,27.5990,0.9775,37189.25,0.0269,918.00,0.2689,0.5303,0.5472,0.7313
48,40,60,59.00,1406.00,0.0000,27.5990,0.9823,33251.22,0.0301,918.00,0.3007,0.5915,0.6107,0.8220
48,40,68,59.00,1406.00,0.0000,27.5990,0.9861,30172.56,0.0331,918.00,0.3314,0.6510,0.6725,0.9031
48,40,80,59.00,1406.00,0.0000,27.5990,0.9893,26481.59,0.0378,918.00,0.3776,0.7411,0.7667,1.0335
48,80,16,59.00,1406.00,0.0000,49.2629,0.9022,70710.94,0.0141,918.00,0.1414,0.2815,0.2818,0.4505
48,80,24,59.00,1406.00,0.0000,49.2629,0.9417,53851.81,0.0186,918.00,0.1857,0.3704,0.3763,0.5502
48,80,32,59.00,1406.00,0.0000,49.2629,0.9615,43665.86,0.0229,918.00,0.2290,0.4569,0.4679,0.6569
48,80,40,59.00,1406.00,0.0000,49.2629,0.9733,36929.76,0.0271,918.00,0.2708,0.5406,0.5560,0.7660
48,80,56,59.00,1406.00,0.0000,49.2629,0.9859,28551.15,0.0350,918.00,0.3502,0.6994,0.7229,0.9859
48,80,72,59.00,1406.00,0.0000,49.2629,0.9916,23279.51,0.0430,918.00,0.4296,0.8579,0.8870,1.2215
48,80,80,59.00,1406.00,0.0000,49.2629,0.9933,21432.94,0.0467,918.00,0.4666,0.9316,0.9625,1.3375
48,80,88,59.00,1406.00,0.0000,49.2629,0.9944,19775.59,0.0506,918.00,0.5057,1.0100,1.0329,1.5119
48,80,104,59.00,1406.00,0.0000,49.2629,0.9961,17359.26,0.0576,918.00,0.5761,1.1504,1.1779,1.6942
48,80,120,59.00,1406.00,0.0000,49.2629,0.9971,15384.91,0.0650,918.00,0.6500,1.2781,1.3231,1.8421
48,80,136,59.00,1406.00,0.0000,49.2629,0.9977,13473.34,0.0742,918.00,0.7422,1.4089,1.4568,2.0437
48,80,160,59.00,1406.00,0.0000,49.2629,0.9984,12426.76,0.0805,918.00,0.8047,1.6074,1.6611,2.3341
48,120,24,59.00,1406.00,0.0000,45.2008,0.9063,65028.61,0.0154,918.00,0.1538,0.2744,0.2736,0.4630
48,120,36,59.00,1406.00,0.0000,45.2008,0.9446,48363.48,0.0207,918.00,0.2068,0.3678,0.3692,0.5905
48,120,48,59.00,1406.00,0.0000,45.2008,0.9639,38800.24,0.0258,918.00,0.2577,0.4586,0.4633,0.7260
48,120,60,59.00,1406.00,0.0000,45.2008,0.9750,36441.44,0.0274,918.00,0.2744,0.5476,0.5553,0.8658
48,120,84,59.00,1406.00,0.0000,45.2008,0.9867,27783.07,0.0360,918.00,0.3599,0.7186,0.7292,1.1358
48,120,108,59.00,1406.00,0.0000,45.2008,0.9915,22701.62,0.0440,918.00,0.4405,0.8798,0.8939,1.3743
48,120,120,59.00,1406.00,0.0000,45.2008,0.9931,20314.91,0.0492,918.00,0.4922,0.9583,0.9763,1.4951
48,120,132,59.00,1406.00,0.0000,45.2008,0.9942,17002.21,0.0588,918.00,0.5882,1.0354,1.0531,1.6364
48,120,156,59.00,1406.00,0.0000,45.2008,0.9957,14918.57,0.0670,918.00,0.6703,1.1864,1.2076,1.8603
48,120,180,59.00,1406.00,0.0000,45.2008,0.9967,13184.70,0.0758,918.00,0.7585,1.3403,1.3631,2.1149
48,120,204,59.00,1406.00,0.0000,45.2008,0.9976,11889.20,0.0841,918.00,0.8411,1.4842,1.5107,2.3433
48,120,240,59.00,1406.00,0.0000,45.2008,0.9982,10340.04,0.0967,918.00,0.9671,1.7061,1.7224,2.7349
48,160,32,59.00,1406.00,0.0000,55.8681,0.9435,66813.77,0.0150,918.00,0.1497,0.2935,0.2970,0.4645
48,160,48,59.00,1406.00,0.0000,55.8681,0.9699,48827.35,0.0205,918.00,0.2048,0.4012,0.4109,0.6108
48,160,64,59.00,1406.00,0.0000,55.8681,0.9816,38886.29,0.0257,918.00,0.2572,0.5042,0.5165,0.7675
48,160,80,59.00,1406.00,0.0000,55.8681,0.9881,32449.13,0.0308,918.00,0.3082,0.6040,0.6183,0.9240
48,160,112,59.00,1406.00,0.0000,55.8681,0.9940,24552.46,0.0407,918.00,0.4073,0.7980,0.8180,1.2118
48,160,144,59.00,1406.00,0.0000,55.8681,0.9964,19861.45,0.0503,918.00,0.5035,0.9858,1.0160,1.4962
48,160,160,59.00,1406.00,0.0000,55.8681,0.9971,18207.78,0.0549,918.00,0.5492,1.0744,1.1050,1.6336
48,160,176,59.00,1406.00,0.0000,55.8681,0.9975,16814.87,0.0595,918.00,0.5947,1.1637,1.1980,1.7679
48,160,208,59.00,1406.00,0.0000,55.8681,0.9982,14558.09,0.0687,918.00,0.6869,1.3396,1.3782,2.0280
48,160,240,59.00,1406.00,0.0000,55.8681,0.9986,11682.14,0.0856,918.00,0.8560,1.5134,1.5572,2.2823
48,160,272,59.00,1406.00,0.0000,55.8681,0.9988,11658.61,0.0858,918.00,0.8577,1.6844,1.7310,2.5383
48,160,320,59.00,1406.00,0.0000,55.8681,0.9990,10075.06,0.0993,918.00,0.9926,1.9575,2.0113,2.9611
48,200,40,59.00,1406.00,0.0000,74.3200,0.9640,41839.26,0.0239,918.00,0.2390,0.4204,0.4270,0.6727
48,200,60,59.00,1406.00,0.0000,74.3200,0.9820,30364.04,0.0329,918.00,0.3293,0.5766,0.5887,0.9055
48,200,80,59.00,1406.00,0.0000,74.3200,0.9900,24021.52,0.0416,918.00,0.4163,0.7274,0.7451,1.1493
48,200,100,59.00,1406.00,0.0000,74.3200,0.9939,19952.80,0.0501,918.00,0.5012,0.8769,0.8982,1.3830
48,200,140,59.00,1406.00,0.0000,74.3200,0.9968,15075.77,0.0663,918.00,0.6633,1.1590,1.1866,1.8252
48,200,180,59.00,1406.00,0.0000,74.3200,0.9979,12298.27,0.0813,918.00,0.8131,1.4206,1.4580,2.2339
48,200,200,59.00,1406.00,0.0000,74.3200,0.9984,12402.97,0.0806,918.00,0.8063,1.5556,1.5948,2.4425
48,200,220,59.00,1406.00,0.0000,74.3200,0.9986,10343.06,0.0967,918.00,0.9668,1.6948,1.7339,2.6723
48,200,260,59.00,1406.00,0.0000,74.3200,0.9989,9014.29,0.1109,918.00,1.1094,1.9431,1.9816,3.0575
48,200,300,59.00,1406.00,0.0000,74.3200,0.9990,7996.89,0.1250,918.00,1.2505,2.1889,2.2326,3.4344
48,200,340,59.00,1406.00,0.0000,74.3200,0.9992,7201.85,0.1389,918.00,1.3885,2.4245,2.4672,3.7992
48,200,400,59.00,1406.00,0.0000,74.3200,0.9993,6292.35,0.1589,918.00,1.5892,2.7746,2.8200,4.3609
64,40,10,59.00,1528.00,0.0000,28.8327,0.8508,95693.07,0.0105,1040.00,0.1045,0.2080,0.2030,0.3561
64,40,12,59.00,1528.00,0.0000,28.8327,0.8738,86883.07,0.0115,1040.00,0.1151,0.2296,0.2261,0.3743
64,40,16,59.00,1528.00,0.0000,28.8327,0.9084,72427.39,0.0138,1040.00,0.1381,0.2754,0.2727,0.4353
64,40,20,59.00,1528.00,0.0000,28.8327,0.9291,62354.07,0.0160,1040.00,0.1604,0.3197,0.3185,0.4889
64,40,28,59.00,1528.00,0.0000,28.8327,0.9547,47912.58,0.0209,1040.00,0.2087,0.4058,0.4106,0.6012
64,40,36,59.00,1528.00,0.0000,28.8327,0.9683,40907.56,0.0244,1040.00,0.2445,0.4877,0.4953,0.7041
64,40,40,59.00,1528.00,0.0000,28.8327,0.9728,38032.05,0.0263,1040.00,0.2629,0.5250,0.5338,0.7528
64,40,44,59.00,1528.00,0.0000,28.8327,0.9765,35395.31,0.0283,1040.00,0.2825,0.5641,0.5742,0.8121
64,40,52,59.00,1528.00,0.0000,28.8327,0.9822,31191.65,0.0321,1040.00,0.3206,0.6401,0.6535,0.9169
64,40,60,59.00,1528.00,0.0000,28.8327,0.9862,27959.42,0.0358,1040.00,0.3577,0.7143,0.7307,1.0304
64,40,68,59.00,1528.00,0.0000,28.8327,0.9889,24651.61,0.0406,1040.00,0.4057,0.7891,0.8089,1.1331
64,40,80,59.00,1528.00,0.0000,28.8327,0.9916,22315.70,0.0448,1040.00,0.4481,0.8949,0.9179,1.2908
64,80,16,59.00,1528.00,0.0000,58.3344,0.9332,62859.91,0.0159,1040.00,0.1591,0.3173,0.3171,0.5045
64,80,24,59.00,1528.00,0.0000,58.3344,0.9623,47520.26,0.0210,1040.00,0.2104,0.4198,0.4254,0.6320
64,80,32,59.00,1528.00,0.0000,58.3344,0.9764,38455.27,0.0260,1040.00,0.2600,0.5189,0.5301,0.7612
64,80,40,59.00,1528.00,0.0000,58.3344,0.9844,32514.43,0.0308,1040.00,0.3076,0.6140,0.6289,0.8990
64,80,56,59.00,1528.00,0.0000,58.3344,0.9919,24454.88,0.0409,1040.00,0.4089,0.7982,0.8195,1.2048
64,80,72,59.00,1528.00,0.0000,58.3344,0.9953,18408.94,0.0543,1040.00,0.5432,0.9655,0.9915,1.4529
64,80,80,59.00,1528.00,0.0000,58.3344,0.9962,16929.01,0.0591,1040.00,0.5907,1.0490,1.0783,1.5727
64,80,88,59.00,1528.00,0.0000,58.3344,0.9968,15744.78,0.0635,1040.00,0.6351,1.1286,1.1603,1.6989
64,80,104,59.00,1528.00,0.0000,58.3344,0.9977,13793.40,0.0725,1040.00,0.7250,1.2859,1.3224,1.9430
64,80,120,59.00,1528.00,0.0000,58.3344,0.9981,12319.63,0.0812,1040.00,0.8117,1.4373,1.4763,2.1767
64,80,136,59.00,1528.00,0.0000,58.3344,0.9985,11148.58,0.0897,1040.00,0.8970,1.5848,1.6304,2.4045
64,80,160,59.00,1528.00,0.0000,58.3344,0.9988,9819.72,0.1018,1040.00,1.0184,1.8012,1.8534,2.7686
64,120,24,59.00,1528.00,0.0000,76.9343,0.9472,50627.78,0.0198,1040.00,0.1975,0.3935,0.3976,0.5906
64,120,36,59.00,1528.00,0.0000,76.9343,0.9729,35832.53,0.0279,1040.00,0.2791,0.5285,0.5403,0.7641
64,120,48,59.00,1528.00,0.0000,76.9343,0.9841,28788.78,0.0347,1040.00,0.3474,0.6579,0.6776,0.9416
64,120,60,59.00,1528.00,0.0000,76.9343,0.9898,25491.50,0.0392,1040.00,0.3923,0.7833,0.8080,1.1151
64,120,84,59.00,1528.00,0.0000,76.9343,0.9951,19407.45,0.0515,1040.00,0.5153,1.0290,1.0660,1.4756
64,120,108,59.00,1528.00,0.0000,76.9343,0.9969,15090.98,0.0663,1040.00,0.6626,1.2513,1.2945,1.8031
64,120,120,59.00,1528.00,0.0000,76.9343,0.9974,14796.70,0.0676,1040.00,0.6758,1.3500,1.3979,1.9514
64,120,132,59.00,1528.00,0.0000,76.9343,0.9979,13725.62,0.0729,1040.00,0.7286,1.4429,1.4874,2.1235
64,120,156,59.00,1528.00,0.0000,76.9343,0.9984,11273.34,0.0887,1040.00,0.8870,1.6553,1.6858,2.5135
64,120,180,59.00,1528.00,0.0000,76.9343,0.9988,10137.36,0.0986,1040.00,0.9865,1.8292,1.8750,2.7219
64,120,204,59.00,1528.00,0.0000,76.9343,0.9990,9254.08,0.1081,1040.00,1.0806,1.9947,2.0510,2.9408
64,120,240,59.00,1528.00,0.0000,76.9343,0.9992,8110.50,0.1233,1040.00,1.2330,2.2726,2.3401,3.3598
64,160,32,59.00,1528.00,0.0000,62.6944,0.9449,51020.85,0.0196,1040.00,0.1960,0.3718,0.3665,0.8261
64,160,48,59.00,1528.00,0.0000,62.6944,0.9709,39405.59,0.0254,1040.00,0.2538,0.4864,0.4955,0.7705
64,160,64,59.00,1528.00,0.0000,62.6944,0.9828,28742.44,0.0348,1040.00,0.3479,0.6097,0.6219,0.9753
64,160,80,59.00,1528.00,0.0000,62.6944,0.9888,26663.92,0.0375,1040.00,0.3750,0.7312,0.7477,1.1651
64,160,112,59.00,1528.00,0.0000,62.6944,0.9945,19917.99,0.0502,1040.00,0.5021,0.9636,0.9855,1.5567
64,160,144,59.00,1528.00,0.0000,62.6944,0.9966,14902.98,0.0671,1040.00,0.6710,1.1744,1.2011,1.8806
64,160,160,59.00,1528.00,0.0000,62.6944,0.9972,15191.15,0.0658,1040.00,0.6583,1.2875,1.3170,2.0389
64,160,176,59.00,1528.00,0.0000,62.6944,0.9976,12629.33,0.0792,1040.00,0.7918,1.3849,1.4211,2.2013
64,160,208,59.00,1528.00,0.0000,62.6944,0.9983,12269.59,0.0815,1040.00,0.8150,1.5919,1.6290,2.5116
64,160,240,59.00,1528.00,0.0000,62.6944,0.9986,9764.38,0.1024,1040.00,1.0241,1.7880,1.8275,2.8383
64,160,272,59.00,1528.00,0.0000,62.6944,0.9988,8778.92,0.1139,1040.00,1.1391,1.9930,2.0402,3.1493
64,160,320,59.00,1528.00,0.0000,62.6944,0.9990,7669.05,0.1304,1040.00,1.3039,2.2829,2.3296,3.6227
64,200,40,59.00,1528.00,0.0000,76.8110,0.9644,40050.12,0.0250,1040.00,0.2497,0.4506,0.4540,0.7665
64,200,60,59.00,1528.00,0.0000,76.8110,0.9827,32121.13,0.0311,1040.00,0.3113,0.6107,0.6241,0.9728
64,200,80,59.00,1528.00,0.0000,76.8110,0.9904,25066.91,0.0399,1040.00,0.3989,0.7687,0.7886,1.2246
64,200,100,59.00,1528.00,0.0000,76.8110,0.9939,19108.26,0.0523,1040.00,0.5233,0.9190,0.9446,1.4704
64,200,140,59.00,1528.00,0.0000,76.8110,0.9970,16183.70,0.0618,1040.00,0.6179,1.2149,1.2429,1.9366
64,200,180,59.00,1528.00,0.0000,76.8110,0.9981,11734.42,0.0852,1040.00,0.8522,1.4912,1.5277,2.3745
64,200,200,59.00,1528.00,0.0000,76.8110,0.9985,10739.40,0.0931,1040.00,0.9312,1.6260,1.6645,2.6135
64,200,220,59.00,1528.00,0.0000,76.8110,0.9987,9921.57,0.1008,1040.00,1.0079,1.7610,1.8044,2.8204
64,200,260,59.00,1528.00,0.0000,76.8110,0.9990,8671.02,0.1153,1040.00,1.1533,2.0149,2.0590,3.2227
64,200,300,59.00,1528.00,0.0000,76.8110,0.9991,8752.44,0.1143,1040.00,1.1425,2.2719,2.3187,3.6096
64,200,340,59.00,1528.00,0.0000,76.8110,0.9992,6891.09,0.1451,1040.00,1.4511,2.5236,2.5759,4.0492
64,200,400,59.00,1528.00,0.0000,76.8110,0.9993,6034.00,0.1657,1040.00,1.6573,2.8873,2.9338,4.6202
